agency,use_case_name,bureau_component,current_is_general_llm_access,current_is_generative_ai,ai_sophistication,tool_product_name,stage_of_development,ai_classification,system_name,vendor_name,problem_statement,expected_benefits,system_outputs
DHS,AI to generate testable synthetic data,CBP,1,0,general_llm,,a) Pre-deployment – The use case is in a development or acquisition status.,Generative AI,,,Improve integration with trade partners and reduce implementation time of new capabilties.,The purpose of using AI to generate test data for trade partners is to create more realistic data for trade partners to use for testing their systems before releasing new ACE capabilities.  Currently there are many data issues where test data does not accurately reflect real production data which results in unrealistic failures when testing which result in wasted time and resources tracking down false positive errors during testing.  By providing trade partners with more realistic test data the expectation is that testing times will be shorter and enhancements and capabilities can be delivered quicker.,The AI capability would generate test data without PII or other trade sensitive data and allow for more accurate simulation of production data.
DHS,AI-Assisted eDiscovery Search,ICE,1,0,general_llm,Aretec SEARCH,a) Pre-deployment – The use case is in a development or acquisition status.,Generative AI,,,"The use case addresses inefficiencies in traditional document search and retrieval processes, such as time-consuming manual searches, the complexity of crafting SQL queries, low relevance and accuracy in search results, difficulties in digesting lengthy content, and the absence of summarization tools. These challenges hinder users' ability to efficiently access and understand critical information.","The intended purpose of this AI use case is to optimize document search, retrieval, and summarization processes by enabling users to interact with data conversationally and efficiently. The benefits include improved accuracy and relevance in search results, reduced time spent analyzing large datasets, simplified access to complex information, and enhanced decision-making through concise summaries and precise outputs.","The solution’s AI outputs include precise search results and summarized content, enabling users to quickly access information, make informed decisions, and take follow-on actions without requiring technical expertise. The tool does not make legal or case outcomes decisions; it retrieves and summarizes documents, and Office of the Principal Legal Advisor personnel remain responsible for interpreting the results and applying the law."
DHS,Administrative & Productivity Support for IRC Resource Library,FEMA,1,0,general_llm,,a) Pre-deployment – The use case is in a development or acquisition status.,Generative AI,,,"Long-term disaster recovery requires analyzing large amounts of information stored in multiple locations. IRC typically reviews past recovery plans and projects, available federal and state funding options, considers community needs, and other recovery strategies used in the event. High-level reviews are necessary for FEMA Program Areas (IA, PA, etc.) on potential funding gaps and cost share support. Synthesizing that information from the various storage locations, including other departments, IRC SharePoint, and TRAX poses some challenges.","This use case is designed to solve these challenges by reducing inconsistency in manual research, improving access to historical knowledge, and helping staff quickly identify relevant recovery resources. The purpose of this tool is to assist in the identification of patterns in current and past disaster events. Earlier identification will expedite situational awareness and the development of recovery needs and strategies. It allows the IRC team to define a recovery approach and deliver funding and resources that match a community’s needs more quickly. 

With faster decision-support for FEMA staff, more consistent analysis across regions, and better use of federal resources to support communities after disasters we are more capable of delivery of the FEMA mission.","The AI tool will produce a set of organized, easy-to-read listings, such as bibliographies, recovery projects summaries, evaluate strategies from similar disasters, and recommended approaches tailored to the current available funding. These out-puts will be used by the IRC teams to inform planning discussions, prevent benefit duplication, and guide technical assistance to states and local governments."
DHS,Draft Report Generation and Formatting for Investigations,ICE,1,0,general_llm,,a) Pre-deployment – The use case is in a development or acquisition status.,Generative AI,,,"The AI is intended to solve the problem of contract managers having to manually review large numbers of contract records to spot possible duplicates, which makes it easy to miss overlapping agreements and contributes to redundant spending.",The use of AI in contract management is expected to reduce the time required for manual contract review and improve the ability to identify duplicative contracts. This implementation supports efforts to reduce contract costs and aligns with federal procurement consolidation and cost-efficiency initiatives.,"The solution’s AI outputs are alerts and reports. When the AI detects a potential duplicate contract, it generates an alert for the user. The system can also produce detailed reports that highlight identified duplicates and provide relevant contract details. These outputs are intended to support contract managers and other personnel in reviewing and resolving potential duplicate contracts. Users may access detailed reports to understand the nature of the duplicates and take appropriate actions, such as consolidating contracts, renegotiating terms, or canceling redundant agreements. The resolution workflow guides users through the process of addressing duplicate contract alerts. The AI component will not itself modify, consolidate, or cancel contracts; all actions are taken by personnel following existing approval and procurement processes."
DHS,Purchase Card Worksheet Analysis,ICE,1,0,general_llm,,a) Pre-deployment – The use case is in a development or acquisition status.,Generative AI,,,"The AI is intended to solve the problem of reviewers having to manually check each purchase card line item against numerous laws, policies, and contract terms, which is time‑consuming and increases the risk of missed compliance issues.","The AI module is expected to help accelerate compliance checks, streamline processes, and assist in identifying potential risks, while continuously improving through a human-in-the-loop feedback system. This integration is intended to help procurement actions better align with relevant legal and policy requirements.","The outputs of the AI module will include a compliance status for each purchase line item (compliant or non-compliant) and detailed reasoning with citations to the specific policies or legal documents used in the evaluation. The Automated Purchase Card Approval System will use these AI-generated compliance statuses and explanations to help route items and flag potential issues within the approval workflow. AI outputs do not themselves approve or deny purchases. Compliant items may proceed through the workflow consistent with existing business rules, while non-compliant items will be flagged for human review. Human reviewers can access detailed reasoning for non-compliant determinations and may choose to correct requests, raise exceptions, or flag inaccuracies."
DHS,Semantic Search and Summarization for Investigative Data,ICE,1,0,general_llm,Aretec SEARCH,a) Pre-deployment – The use case is in a development or acquisition status.,Generative AI,,,This use case intends to solve the problem of searching and extracting relevant information from large volumes of unstructured investigative data.,"The benefits of using this AI include increased efficiency, reduced risk of missing valuable information, and enhanced investigative capabilities.",The outputs of this AI technology are the extracted relevant information and summaries.
DHS,"Semantic Search, Summarization, and Data/Spatial Visualization for NCR Watch COP/Dashboard",FEMA,1,0,general_llm,Aretec SEARCH,a) Pre-deployment – The use case is in a development or acquisition status.,Generative AI,,,"The speed of information, particularly in a developing incident, challenges the capacity of Analysts to collect, sort, source, and validate in real time.  The volume of information required to confirm with confidence requires time to review.  The time focused on these tasks permit less time for moving from basic situational awareness to providing the contextual value to give national capital region (NCR) stakeholders situational understanding, which allows them to fully utilize the information for operational decision-making.  The AI would provide a tool for collection and synthesize of the available data, as well as geospatial context.","Expedited continuous scraping of data from identified official and unofficial open sources and comparison against pre-defined critical information requirements with summarization and sourcing of information for review and approval by the FEMA NCR Watch Analyst for publication improves the efficiency and effectiveness of the NCR Watch by allowing Analysts to focus on consuming and validating information and adding value with context.  The self-designated federal, state, local, and tribal (FSLT) partners in the NCR who receive NCR Watch products would benefit from greater fidelity in provided information and ability to use the information more easily for operational decision-making.  Anticipate the breadth of sources and speed of review through automation to be increased and allow for created contextualization and analysis products by Analysts based on the improved data production, as well as geospatial automation in combination with incident data. Faster Decision-Making: vast amounts of data instantly, enabling rapid identification of critical information for timely responses. Improved Accuracy: potential of reducing human error by filtering irrelevant data and prioritizing actionable insights. Enhanced Situational Awareness: improve the breadth of information analysis and overall awareness of activities in the NCR. Resource Optimization: helps allocate resources efficiently based on real-time needs. Predictive Insights: forecast potential developments, aiding proactive measures, and reduced Information Overload: streamline data, ensuring decision-makers focus on key priorities.","The anticipated output is a Common Operating Picture platform or Dashboard available to FSLT subscribers (free) in the NCR to display incident reporting and associated contextual information, such as the physical location on an ArcGIS map.  Simultaneously, a non-public COP will contain additional contextual information for providing internal FEMA reporting.  

AI will produce continuous data queries and create alerts for Analysts for items meeting configurable critical information requirements and essential elements of information.  AI will deliver configurable summary of sourced material on pre-defined CIRs to Analyst for review and publication to internal and/or external COP/Dashboard.  AI will have tools for additional contextual analysis and spatial and data visualization for use in the internal and/or external COP/Dashboard."
DOE,AI Chat Bot for IT User Services,PPPL - Princeton Plasma Physics Laboratory (SC43 OIM),1,0,general_llm,,Pilot – The use case has been deployed in a limited test or pilot capacity.,Generative AI,,,"Interactive RAG chat bot model trained on existing, updated and new IT resource documentation in the user space. Platform will be used as an informative method for users to handle tier 1 IT issues and help guide to the correct place.","Interactive RAG chat bot model trained on existing, updated and new IT resource documentation in the user space. Platform will be used as an informative method for users to handle tier 1 IT issues and help guide to the correct place.",AI output will be recommendations and instructions based on training data from IT administrators in more user friendly responses
DOE,AI Drafting of Operational Procedures and Training Materials,SRS - ESB - Savannah River Site - Enterprise System Boundary (SRFO),1,0,general_llm,,Pre-deployment – The use case is in a development or acquisition status.,Generative AI,,SRNS - OT In House Staff,"""To automate and enhance the drafting of operational  procedures and training materials, reducing time, effort, and errors.""","""Reduced development time, reduced errors, and rework, 
better context understanding, and improved standardization and formatting, cutting time spent on document creation by half.""","""The AI system outputs draft operational procedures and training 
materials which need to be reviewed and corrected by users."""
DOE,AI Enabled Code Review,ORNL - Oak Ridge National Laboratory (SC43 OIM),1,0,general_llm,unspecified,Pre-deployment – The use case is in a development or acquisition status.,Generative AI,,,Enhance application development lifecycle capabilities,Expidited code production,Code
DOE,AI Safety Tool,ORNL - Oak Ridge National Laboratory (SC43 OIM),1,0,general_llm,,Pre-deployment – The use case is in a development or acquisition status.,Generative AI,,,Mitigate workplace ncidents,To reduce workplace incidents and increase employee safety.,Text based warning message
DOE,AI for High Risk Property,ORNL - Oak Ridge National Laboratory (SC43 OIM),1,0,general_llm,,Pre-deployment – The use case is in a development or acquisition status.,Generative AI,Cloud Enclave,,1) Regulatory compliance.  2) Improved identification of high-risk property items and increased productivity.,1) Regulatory compliance.  2) Improved identification of high-risk property items and increased productivity.,Decision for high-risk property categorization
DOE,AI for QA Audit,ORNL - Oak Ridge National Laboratory (SC43 OIM),1,0,general_llm,,Pre-deployment – The use case is in a development or acquisition status.,Generative AI,,,Improve quality assurance at different levels of the Lab.,Improved quality assurance,Reccomendation to existing QA audit submissions
DOE,AI-Enhanced Hub,PNNL - Pacific Northwest National Laboratory (SC43 OIM),1,0,general_llm,Aretec SEARCH,Pre-deployment – The use case is in a development or acquisition status.,Generative AI,R&D User,,Enhance staff matching and profiles with AI-driven HUB search capabilities.,Enhances collaboration and expertise matching across the lab.,"Produce high-quality, contextually relevant, and coherent responses or content based on user input."
DOE,AI-Enhanced Lab Assist,PNNL - Pacific Northwest National Laboratory (SC43 OIM),1,0,general_llm,,Deployed – The use case is being actively authorized or utilized to support the functions or mission of an agency.,Generative AI,R&D User,,Detect trends in lab planning/control data to improve efficiency and knowledge sharing.,"Integrating lessons learned into Lab Assist Activity Planning to enhance operational efficiency, improve information sharing leveraging best practices, and foster a culture of continuous improvement.",Leverage AI for trend detection in working planning and control data.
DOE,AI-Tailored Learning Management Solutions,SRS - ESB - Savannah River Site - Enterprise System Boundary (SRFO),1,0,general_llm,,Pre-deployment – The use case is in a development or acquisition status.,Generative AI,,SRNS - OT In House Staff,"To improve the quality, relevance, and delivery of training materials, ensuring they are tailored and effective for users.","Improved training materials, dynamic learning tailored to user needs, real-time feedback, comprehensive evaluation, and higher staff effectiveness and readiness.","The AI system outputs training materials with dynamic questions and feedback, detailed performance reports, and personalized learning paths."
DOE,Apple Intelligence,EMLA - EM Los Alamos Field Site (EM),1,0,general_llm,,Deployed – The use case is being actively authorized or utilized to support the functions or mission of an agency.,Generative AI,"GSS, ICS",Apple,N/A,AI was automatically integrated into the product without an identified benefit to the organization.,N/A
DOE,Bernie-AI: Infrastructure Planning Support POC,LLNL - Lawrence Livermore National Laboratory (LFO),1,0,general_llm,,Pilot – The use case has been deployed in a limited test or pilot capacity.,Generative AI,Multiple,,"Quick access to specific building, and major asset information to be used for planning and predictive maintenance purposes",Ability to quickly find and access building and asset information to support planning activities,"Specific, data-driven answers to building and major asset use and impacts"
DOE,COREII,NE INL - NE Idaho National Laboratory (NE),1,0,general_llm,,Pilot – The use case has been deployed in a limited test or pilot capacity.,Generative AI,,1899-12-31 11:59:00,"Support decision making for critical infrastructure OT cybersecurity operations. Provides a secure environment where senstive data can be ingested and retreived reliably. Reduces the time it takes to perform threat analysis, supply chain analysis, kn",Making information and knowledge easier to retreive and digest. Signficantly improves analysis time. Maximizes the transfer of knowledge to users of various backgrounds. Translates complex and complicated research results into accessible practical solutions.,Distillation of research results and findings into pratical decision making information.
DOE,CURIE  -  Conversational Unified Research Information Engine,SRS - SRNL - Savannah River Site - Savannah River National Laboratory (EM),1,0,general_llm,,Pre-deployment – The use case is in a development or acquisition status.,Generative AI,,,"Turning unstructured questions, tasks, or ideas into structured outcomes","increasing productivity, enhance decision-making",Textual outputs
DOE,ChatSRS,SRS - ESB - Savannah River Site - Enterprise System Boundary (SRFO),1,0,general_llm,,Pre-deployment – The use case is in a development or acquisition status.,Generative AI,Azure GOV,,"General text-oriented chat (e.g., summarization, generation)",Productivity Tool,Text
DOE,Chatlab,NE INL - NE Idaho National Laboratory (NE),1,0,general_llm,,Pilot – The use case has been deployed in a limited test or pilot capacity.,Generative AI,,Not available,Not available,Not available,Not available
DOE,Cloud Knowledge Hub,PNNL - Pacific Northwest National Laboratory (SC43 OIM),1,0,general_llm,,Pre-deployment – The use case is in a development or acquisition status.,Generative AI,R&D User,,Answer staff questions on cloud services and best practices via an AI knowledge hub.,Expands staff expertise and accelerates cloud adoption.,"Produce high-quality, contextually relevant, and coherent responses or content based on user input."
DOE,Command Media,Pantex - PanTeXas Deterrence Pantex (PFO),1,0,general_llm,,Pre-deployment – The use case is in a development or acquisition status.,Generative AI,N/A,,"The AI is intended to solve the inefficiency of plant personnel who have questions about policies, procedures, and work instructions by providing a more direct way to find information.",The expected benefit is increased effiency for plant personnel.,Questions posed by plant personnel are answered by leveraging the knowledge corpus and providing answers in natural language text and links to relevent documents.
DOE,Create Statement of Work (SOW) for Procurement,PNNL - Pacific Northwest National Laboratory (SC43 OIM),1,0,general_llm,,Pilot – The use case has been deployed in a limited test or pilot capacity.,Generative AI,R&D User,,Ensure procurement SOWs meet standards through guided AI review and alignment checks.,Ensures compliance and quality in procurement processes.,"Produce high-quality, contextually relevant, and coherent responses or content based on user input."
DOE,Critical Materials,NE INL - NE Idaho National Laboratory (NE),1,0,general_llm,,Pre-deployment – The use case is in a development or acquisition status.,Generative AI,,,AI will make discoveries of unknown combinations of rare earth elements and ligands used in critical materials that are currently impossible to separate,"Make discoveries of combinations of rare earth elements and ligands used in critical materials efficiently, faster, less costly",New datasets and benchmarks
DOE,CyberSearch,Pantex - PanTeXas Deterrence Pantex (PFO),1,0,general_llm,Aretec SEARCH,Pre-deployment – The use case is in a development or acquisition status.,Generative AI,N/A,,The AI is intended to improve the efficiency of plant personnel by giving them an easy way to access and search cybersecurity documents.,The expected benefit is increased effiency for plant personnel.,Questions posed by plant personnel are answered by leveraging the knowledge corpus and providing answers in natural language text and links to relevent documents.
DOE,EDMS Admin,NE INL - NE Idaho National Laboratory (NE),1,0,general_llm,,Pilot – The use case has been deployed in a limited test or pilot capacity.,Generative AI,EDMS,Not available,Machine-readable information is difficult to quickly summarize by humans. By enabling summaries of information in our electronic document management system we have a previously-unavailable capability that addresses this problem.,Reduces administrative burden through intelligent automation of routine tasks.,Information summaries
DOE,FY19 Lab Call – Livewire Data Sharing Platform,EE HQ - EE Headquarters (EE),1,0,general_llm,,Pre-deployment – The use case is in a development or acquisition status.,Generative AI,,,"Lack of easily-accessible, organized information on transportation and mobility-related projects.",Enable time savings and quick answers to queries,GenAI chatbot feature providing info on datasets in the platform or FAQs on how to use the platform
DOE,FindMATID,SRS - ESB - Savannah River Site - Enterprise System Boundary (SRFO),1,0,general_llm,Aretec SEARCH,Pre-deployment – The use case is in a development or acquisition status.,Generative AI,Azure GOV,,Search for corporate material IDs,Maxmize use of Strategic Agreements,Material ID
DOE,GitHub Co-Pilot,RL - Hanford - Richland Operations Office - Hanford (EM),1,0,general_llm,GitHub Copilot,Deployed – The use case is being actively authorized or utilized to support the functions or mission of an agency.,Generative AI,Hanford Accreditation Boundary (HAB),GitHub,"quicker, more complete, and safer code development","quicker, more complete, and safer code development","text answers to input questions, code suggestions"
DOE,Hanford Ai Liaison (HAL) 1.1,RL - Hanford - Richland Operations Office - Hanford (EM),1,0,general_llm,,Deployed – The use case is being actively authorized or utilized to support the functions or mission of an agency.,Generative AI,Hnaford Accreditation Boundary (HAB),,productivity efficiency,"cost savings, increased efficiency, increased productivity, greater analytics of data",text answers to input questions
DOE,Hanford Ai Liaison (HAL) 2.0,RL - Hanford - Richland Operations Office - Hanford (EM),1,0,general_llm,,Pre-deployment – The use case is in a development or acquisition status.,Generative AI,Hanford Accreditation Boundary (HAB),,connecting business data streams to AI for increased analysis and work efficiency,"cost savings, increased efficiency, increased productivity, greater analytics of data",text answers to input questions
DOE,HeyGen,PNNL - Pacific Northwest National Laboratory (SC43 OIM),1,0,general_llm,,Pilot – The use case has been deployed in a limited test or pilot capacity.,Generative AI,R&D User,HeyGen,Explore the generation of engaging internal training videos using AI avatars.,Makes internal training more engaging and effective.,"Produce high-quality, contextually relevant, and coherent responses or content based on user input."
DOE,Hub Biography Builder,PNNL - Pacific Northwest National Laboratory (SC43 OIM),1,0,general_llm,,Pilot – The use case has been deployed in a limited test or pilot capacity.,Generative AI,R&D User,,"Automatically generate draft professional bios from resumes, CVs, and other inputs.",Saves time and improves quality of professional staff bios.,"Produce high-quality, contextually relevant, and coherent responses or content based on user input."
DOE,Improve Scout Search results,PNNL - Pacific Northwest National Laboratory (SC43 OIM),1,0,general_llm,Aretec SEARCH,Pre-deployment – The use case is in a development or acquisition status.,Generative AI,R&D User,,Improve enterprise search with natural language prompts and personalization.,"Provides faster, more accurate access to enterprise knowledge.","Produce high-quality, contextually relevant, and coherent responses or content based on user input."
DOE,Instrument Documentation Search,PNNL - Pacific Northwest National Laboratory (SC43 OIM),1,0,general_llm,Aretec SEARCH,Pre-deployment – The use case is in a development or acquisition status.,Generative AI,R&D User,,Provide quick answers about instrument operations by searching ingested manuals.,Speeds troubleshooting and learning of lab instruments.,"Produce high-quality, contextually relevant, and coherent responses or content based on user input."
DOE,Intrabot,Pantex - PanTeXas Deterrence Pantex (PFO),1,0,general_llm,,Pre-deployment – The use case is in a development or acquisition status.,Generative AI,N/A,,The AI  is intended to improve efficiency by providing plant personnel with a faster way to access information on the Pantex Intranet.,The expected benefit is increased effiency for plant personnel.,Questions posed by plant personnel are answered by leveraging the knowledge corpus and providing answers in natural language text and links to relevent Intranet pages.
DOE,LexisNexis,RL - Hanford - Richland Operations Office - Hanford (EM),1,0,general_llm,,Pre-deployment – The use case is in a development or acquisition status.,Generative AI,Hanford Accreditation Boundary (HAB),Nexus,searching legal database for case law,Better case law material for legal team,search results to input inquiries
DOE,M&O Program Trimester Reporting Modernization,PNNL - Pacific Northwest National Laboratory (SC43 OIM),1,0,general_llm,,Pre-deployment – The use case is in a development or acquisition status.,Generative AI,R&D User,,Modernize and automate trimester reporting to improve clarity and consistency.,Increases transparency and efficiency in program reporting.,"Produce high-quality, contextually relevant, and coherent responses or content based on user input."
DOE,Microsoft 365,EMLA - EM Los Alamos Field Site (EM),1,0,general_llm,,Deployed – The use case is being actively authorized or utilized to support the functions or mission of an agency.,Generative AI,GSS,Microsoft,N/A,AI was automatically integrated into the product without an identified benefit to the organization.,N/A
DOE,Microsoft Azure Authoring Tools,EMLA - EM Los Alamos Field Site (EM),1,0,general_llm,,Deployed – The use case is being actively authorized or utilized to support the functions or mission of an agency.,Generative AI,GSS,Microsoft,N/A,AI was automatically integrated into the product without an identified benefit to the organization.,N/A
DOE,Microsoft Azure PowerShell,EMLA - EM Los Alamos Field Site (EM),1,0,general_llm,,Deployed – The use case is being actively authorized or utilized to support the functions or mission of an agency.,Generative AI,GSS,Microsoft,N/A,AI was automatically integrated into the product without an identified benefit to the organization.,N/A
DOE,Microsoft Azure Quantum Elements,PNNL - Pacific Northwest National Laboratory (SC43 OIM),1,0,general_llm,,Pilot – The use case has been deployed in a limited test or pilot capacity.,Generative AI,R&D User,Microsoft Corporation,"Accelerate chemistry and materials discovery using AI, HPC, and quantum-ready tools.",Speeds discovery of new materials and chemicals for energy solutions.,"Produce high-quality, contextually relevant, and coherent responses or content based on user input."
DOE,Microsoft Bing Service,EMLA - EM Los Alamos Field Site (EM),1,0,general_llm,,Deployed – The use case is being actively authorized or utilized to support the functions or mission of an agency.,Generative AI,GSS,Microsoft,N/A,AI was automatically integrated into the product without an identified benefit to the organization.,N/A
DOE,Microsoft Co-Pilot,RL - Hanford - Richland Operations Office - Hanford (EM),1,0,general_llm,,Pilot – The use case has been deployed in a limited test or pilot capacity.,Generative AI,Hanford Accreditation Boundary (HAB),Microsoft,Better analytics of data in our microsoft applications,Better analytics of data in our microsoft applications,text answers to input questions
DOE,Microsoft Edge,EMLA - EM Los Alamos Field Site (EM),1,0,general_llm,,Deployed – The use case is being actively authorized or utilized to support the functions or mission of an agency.,Generative AI,GSS,Microsoft,N/A,AI was automatically integrated into the product without an identified benefit to the organization.,N/A
DOE,Microsoft Exchange Server,EMLA - EM Los Alamos Field Site (EM),1,0,general_llm,,Deployed – The use case is being actively authorized or utilized to support the functions or mission of an agency.,Generative AI,GSS,Microsoft,N/A,AI was automatically integrated into the product without an identified benefit to the organization.,N/A
DOE,Microsoft MSPaint,EMLA - EM Los Alamos Field Site (EM),1,0,general_llm,,Deployed – The use case is being actively authorized or utilized to support the functions or mission of an agency.,Generative AI,GSS,Microsoft,N/A,AI was automatically integrated into the product without an identified benefit to the organization.,N/A
DOE,Microsoft OneDrive,EMLA - EM Los Alamos Field Site (EM),1,0,general_llm,,Deployed – The use case is being actively authorized or utilized to support the functions or mission of an agency.,Generative AI,GSS,Microsoft,N/A,AI was automatically integrated into the product without an identified benefit to the organization.,N/A
DOE,Microsoft OneDrive MUI,EMLA - EM Los Alamos Field Site (EM),1,0,general_llm,,Deployed – The use case is being actively authorized or utilized to support the functions or mission of an agency.,Generative AI,GSS,Microsoft,N/A,AI was automatically integrated into the product without an identified benefit to the organization.,N/A
DOE,Microsoft OneNote,EMLA - EM Los Alamos Field Site (EM),1,0,general_llm,,Deployed – The use case is being actively authorized or utilized to support the functions or mission of an agency.,Generative AI,GSS,Microsoft,N/A,AI was automatically integrated into the product without an identified benefit to the organization.,N/A
DOE,Microsoft OneNote MUI,EMLA - EM Los Alamos Field Site (EM),1,0,general_llm,,Deployed – The use case is being actively authorized or utilized to support the functions or mission of an agency.,Generative AI,GSS,Microsoft,N/A,AI was automatically integrated into the product without an identified benefit to the organization.,N/A
DOE,Microsoft Outlook MUI,EMLA - EM Los Alamos Field Site (EM),1,0,general_llm,,Deployed – The use case is being actively authorized or utilized to support the functions or mission of an agency.,Generative AI,GSS,Microsoft,N/A,AI was automatically integrated into the product without an identified benefit to the organization.,N/A
DOE,Microsoft Power BI Desktop,EMLA - EM Los Alamos Field Site (EM),1,0,general_llm,,Deployed – The use case is being actively authorized or utilized to support the functions or mission of an agency.,Generative AI,GSS,Microsoft,N/A,AI was automatically integrated into the product without an identified benefit to the organization.,N/A
DOE,Microsoft PowerPoint MUI,EMLA - EM Los Alamos Field Site (EM),1,0,general_llm,,Deployed – The use case is being actively authorized or utilized to support the functions or mission of an agency.,Generative AI,GSS,Microsoft,N/A,AI was automatically integrated into the product without an identified benefit to the organization.,N/A
DOE,Microsoft Project,EMLA - EM Los Alamos Field Site (EM),1,0,general_llm,,Deployed – The use case is being actively authorized or utilized to support the functions or mission of an agency.,Generative AI,GSS,Microsoft,N/A,AI was automatically integrated into the product without an identified benefit to the organization.,N/A
DOE,Microsoft ScreenSketch,EMLA - EM Los Alamos Field Site (EM),1,0,general_llm,,Deployed – The use case is being actively authorized or utilized to support the functions or mission of an agency.,Generative AI,GSS,Microsoft,N/A,AI was automatically integrated into the product without an identified benefit to the organization.,N/A
DOE,Microsoft Search in Bing,EMLA - EM Los Alamos Field Site (EM),1,0,general_llm,Aretec SEARCH,Deployed – The use case is being actively authorized or utilized to support the functions or mission of an agency.,Generative AI,GSS,Microsoft,N/A,AI was automatically integrated into the product without an identified benefit to the organization.,N/A
DOE,Microsoft Skype App,EMLA - EM Los Alamos Field Site (EM),1,0,general_llm,,Deployed – The use case is being actively authorized or utilized to support the functions or mission of an agency.,Generative AI,GSS,Microsoft,N/A,AI was automatically integrated into the product without an identified benefit to the organization.,N/A
DOE,Microsoft Teams,EMLA - EM Los Alamos Field Site (EM),1,0,general_llm,Microsoft Teams,Deployed – The use case is being actively authorized or utilized to support the functions or mission of an agency.,Generative AI,GSS,Microsoft,N/A,AI was automatically integrated into the product without an identified benefit to the organization.,N/A
DOE,Microsoft Teams Classic,EMLA - EM Los Alamos Field Site (EM),1,0,general_llm,Microsoft Teams,Deployed – The use case is being actively authorized or utilized to support the functions or mission of an agency.,Generative AI,GSS,Microsoft,N/A,AI was automatically integrated into the product without an identified benefit to the organization.,N/A
DOE,Microsoft Visual C++ Additional Runtime,EMLA - EM Los Alamos Field Site (EM),1,0,general_llm,,Deployed – The use case is being actively authorized or utilized to support the functions or mission of an agency.,Generative AI,GSS,Microsoft,N/A,AI was automatically integrated into the product without an identified benefit to the organization.,N/A
DOE,Microsoft Visual C++ Minimum Runtime,EMLA - EM Los Alamos Field Site (EM),1,0,general_llm,,Deployed – The use case is being actively authorized or utilized to support the functions or mission of an agency.,Generative AI,GSS,Microsoft,N/A,AI was automatically integrated into the product without an identified benefit to the organization.,N/A
DOE,Microsoft Visual C++ Redistributable,EMLA - EM Los Alamos Field Site (EM),1,0,general_llm,,Deployed – The use case is being actively authorized or utilized to support the functions or mission of an agency.,Generative AI,GSS,Microsoft,N/A,AI was automatically integrated into the product without an identified benefit to the organization.,N/A
DOE,ORNL: AI for Bio and Health Sciences,ORNL - Oak Ridge National Laboratory (SC43 OIM),1,0,general_llm,,Pre-deployment – The use case is in a development or acquisition status.,Generative AI,,,improve health,improve health,prediction and classification
DOE,ORNL: AI for Earth Systems,ORNL - Oak Ridge National Laboratory (SC43 OIM),1,0,general_llm,,Pre-deployment – The use case is in a development or acquisition status.,Generative AI,,,accelerate scientific discovery,accelerate scientific discovery,prediction and classification
DOE,ORNL: AI for Materials Science,ORNL - Oak Ridge National Laboratory (SC43 OIM),1,0,general_llm,,Pre-deployment – The use case is in a development or acquisition status.,Generative AI,,,accelerate scientific discovery,accelerate scientific discovery,prediction and classification
DOE,ORNL: Foundational AI Research,ORNL - Oak Ridge National Laboratory (SC43 OIM),1,0,general_llm,,Pre-deployment – The use case is in a development or acquisition status.,Generative AI,,,accelerate scientific discovery,accelerate scientific discovery,prediction and classification
DOE,PDF Analyzer,IM-50 - Architecture Engineering Technology and Innovation (IM),1,0,general_llm,Microsoft Teams,Deployed – The use case is being actively authorized or utilized to support the functions or mission of an agency.,Generative AI,OCIO Google Cloud Platform,"Accenture Federal Services, Google",Summarization and knowledge retrieval.,PDF Analyzer will enable teams across the DOE to upload large PDFs and ask questions and generate content related to those PDFs.,PDF Analyzer will output the answers to a user's question along with the relevant sections of the PDF that the answer is based on.
DOE,PWS Builder,IM-50 - Architecture Engineering Technology and Innovation (IM),1,0,general_llm,,Deployed – The use case is being actively authorized or utilized to support the functions or mission of an agency.,Generative AI,OCIO Google Cloud Platform,"Accenture Federal Services, Google",Improved speed to create a performance work statement document.,DOE employees would be able to quickly and accurately draft performance work statements for projects both net-new and in-flight. This would greatly reduce the time needed to get a project up and running.,Performance work statements.
DOE,Preventive Maintenance Procedure Development,Pantex - PanTeXas Deterrence Pantex (PFO),1,0,general_llm,,Pre-deployment – The use case is in a development or acquisition status.,Generative AI,N/A,,"The AI is intended to solve the inefficiency and potential for error in manually developing and updating preventive maintenance procedures. It addresses the challenge of synthesizing information from multiple, diverse data sources to ensure complianc","The expected benefits include, increased productivity, reduced manual research time, minimized errors, improved compliance, enhanced equipment uptime, and cost savings.","The system's outputs are comprehensive, compliant, and detailed preventive maintenance procedures for facilities and equipment."
DOE,QuantomVision,ORNL - Oak Ridge National Laboratory (SC43 OIM),1,0,general_llm,,Pre-deployment – The use case is in a development or acquisition status.,Generative AI,,Open AI,Workforce upskilling,Predict workforce evolution  and analiyze skills mapping.,Predict workforce evolution  and analiyze skills mapping.
DOE,SQL Server Management Studio,EMLA - EM Los Alamos Field Site (EM),1,0,general_llm,,Deployed – The use case is being actively authorized or utilized to support the functions or mission of an agency.,Generative AI,GSS,Microsoft,N/A,AI was automatically integrated into the product without an identified benefit to the organization.,N/A
DOE,SmartPD Creator,IM-50 - Architecture Engineering Technology and Innovation (IM),1,0,general_llm,,Deployed – The use case is being actively authorized or utilized to support the functions or mission of an agency.,Generative AI,OCIO Google Cloud Platform,"Accenture Federal Services, Google",It improves the speed and accuracy for DOE employees to create position descriptions.,The time to hire much needed resources will be reduced and the process will be greatly improved.,Position descriptions for federal roles.
DOE,UNSPSC Codes,SRS - ESB - Savannah River Site - Enterprise System Boundary (SRFO),1,0,general_llm,,Pre-deployment – The use case is in a development or acquisition status.,Generative AI,Azure GOV,,Map requisition items to UNSPSC codes,Maxmize use of Strategic Agreements and facilitate SCM reporting,UNSPSC Codes
DOE,VIPER (Visualizaiton for Predictive Maintenance Recommendation),NE INL - NE Idaho National Laboratory (NE),1,0,general_llm,,Pilot – The use case has been deployed in a limited test or pilot capacity.,Generative AI,api.hpc.inl.gov,Open Source development,"VIPER presents comprehensive system health diagnostics, explainability metrics, and actionable recommendations to system engineers at nuclear power plants, enabling informed decision-making through an easy-to-use visualization interface. A multi-mode",reduce labor and costs to performance maintenance tasks in existing light water reactors,"system diagnostic and prognostic results, system decription and root cause explanations"
DOE,Visual Studio Community,EMLA - EM Los Alamos Field Site (EM),1,0,general_llm,,Deployed – The use case is being actively authorized or utilized to support the functions or mission of an agency.,Generative AI,GSS,Microsoft,N/A,AI was automatically integrated into the product without an identified benefit to the organization.,N/A
DOE,Visual Studio Enterprise,EMLA - EM Los Alamos Field Site (EM),1,0,general_llm,,Deployed – The use case is being actively authorized or utilized to support the functions or mission of an agency.,Generative AI,GSS,Microsoft,N/A,AI was automatically integrated into the product without an identified benefit to the organization.,N/A
DOE,Yurts AI search function,SLAC - SLAC National Accelerator Laboratory (SC43 OIM),1,0,general_llm,Aretec SEARCH,Deployed – The use case is being actively authorized or utilized to support the functions or mission of an agency.,Generative AI,,Legion (Previously Yurts),Access to data in various silos,Easier access to appropriate data,Chat and search with ability to modify responses to fit the users needs (i.e. tone and formality)
DOE,xAI Grok Pilot,LLNL - Lawrence Livermore National Laboratory (LFO),1,0,general_llm,,Pilot – The use case has been deployed in a limited test or pilot capacity.,Generative AI,Grok,xAI,Quick access to general knowledge.,Ability to quickly find and access general knowledge and business productivity,"General answers to questions, summarized documentation, document creation, general research."
DOI,BIA-GEO Assist,BIA,1,0,general_llm,,Pilot  The use case has been deployed in a limited test or pilot capacity.,Generative AI,,,"The Branch of Geospatial Support (BOGS) and Regional Geospatial Coordinators (RGCs) offer technical support to BIA and Tribal GIS users that participate in the DOI Enterprise Licensing Agreement (ELA). The BOGS ELA Helpdesk Coordinator and RGCs allocates several hours per week to address helpdesk submissions that are rudimentary in nature and/or concerning licensing offered and the process and requirements for participation in the ELA.

RGCs allocate significant amounts of their time to the creation of Map layouts to provide data products to BIA, stakeholders and Tribes. We would like to expand the use of this tool

to see if it can be customized to reference data sets maintained by DRIS to automate the creation of these maps in a predefined template to eliminate the workload of map creation from existing data.

This tool also has the potential to assist with responding to FOIA requests, Our Division answers or collaborates on numerous FOIA requests each year. I would like to develop an internal version that could scour a FOIA repository to determine if this request is a duplication of a previous request and have it provide the dataset that was provided as a response.",Reducing the number of basic questions concerning rudimentary processes and/or general licensing and eligibility question will reduce the number of hours spent on helpdesk tickets and allow the RGCs ELA helpdesk coordinator to focus more time on managing,"Answers to user questions are generated by summarizing the results obtained from web queries that reference the predetermined web references built into the custom HTML code that was used to create the tool. However, we would like to explore expanding the tools capabilities to query internal data sources to automate the production of GIS products based on pre-approved public data. We would also like to utilize this tools functionality to scour past FOIA requests and their associated responses to determine if a duplicate

request has been received and provide the dataset or decision made for the previous FOIA request or a determination that the current request is unique in nature."
DOI,Comprehensive Condition Assessment,USGS,1,0,general_llm,,Pre-deployment  The use case is in a development or acquisition status.,Generative AI,,,Find deficiencies in our real property assets and to formulate reports from field and machine gathered data for the purpose of making a deferred maintenance backlog and for capitalized planning on real property assets in the USGS,"Saving staff time, travel costs, and will speed report creation to address maintenance needs in a more timely manner",maintenance logs and reports
DOI,Forecasting Earthquake Ground Motion Time Series [2024 INV#WO0000000109733],USGS,1,0,general_llm,,Pre-deployment  The use case is in a development or acquisition status.,Generative AI,,,"Development of a deep learning models to generate earthquake ground motion time series for potential application to Earthquake Early Warning, Operational Aftershock Forecasting, and the National Seismic Hazard Model.","Improved Earthquake Early Warning, Operational Aftershock Forecasting, and the National Seismic Hazard Model",Generate earthquake ground motion time series
DOI,GraphRAG Comment Analysis and Management Solution,BLM,1,0,general_llm,,Pre-deployment  The use case is in a development or acquisition status.,Generative AI,,,"Comment analysis - identifying and binning comments from the public.  Will intake comments from a variety of sources and AI then breaks them down by issue area.  Anticipate training that model with NEPA projects, rulemaking, and public comments on a draft document.",Speed of comment response.  Handle the responses and consolidate responses.,"Analysis, binning, categorization, and responses."
DOI,User guides/training provided in chat form,BLM,1,0,general_llm,,Pre-deployment  The use case is in a development or acquisition status.,Generative AI,,,"We have multiple systems with multiple user guides that are 200 plus pages. Additionally, we have a significant amount of training material. Our customer survey responses always identify that they are not usable because they are so dense and they are often needed in the field, i.e., they are too cumbersome to download and read on tablets and phones. I would like them to be available to the AI as source material so that our users can ask specific questions. I want to do this without having to rewrite and format the PDF documents. The applications are only for internal users, and the documentation is not considered sensitive. If this use case works, I have other documentation I would like to also consider in the future.","We have 10 applications, each with user guides that range from minimal to over 200 pages. This will create efficiency by helping the staff finding relevant information when needed. This should reduce the amount of training material and user guides created",Recommendation for the business user on how to accomplish their tasks in an efficient and accurate way.
DOJ,AI CLIN Generation,Department of Justice / JMD,1,0,general_llm,,a) Pre-deployment – The use case is in a development or acquisition status.,Generative AI,,,"Determine the number of contract lines needed to meet contract requirements, outlines each line, and populates certain data for review within Unified Financial Management System.",Reduce the time and effort of manual work to create contracts within Unified Financial Management System.,"Suggested contract lines, descriptions, and certain system fields for review/approval by users."
DOJ,AI Evidence and Claim Consolidation,Department of Justice / CIV,1,0,nlp_specific,,a) Pre-deployment – The use case is in a development or acquisition status.,Natural Language Processing (NLP),,,"This initiative applies AI to synthesize records, summarize expert reports and depositions, and identify duplicate claims. It also uses AI to identify inconsistencies between records and plaintiff claims, identify red flag legal issues, and create templates to respond to frequent or high-volume litigation. It also allows for analysis of settlement and damages databases to identify outlier trends. It supports M-25-21’s public trust pillar and E.O. 14179’s innovation agenda.","1) Improves the government’s litigation posture in high-value torts, reduces exposure to excessive payouts, and ensures equitable and efficient claims processing.(2) Builds on DOJ medical record review systems and HHS/VA data integration, along with Relativity/CORA settlement, damages, and entitlement databases.                                                                                                                                                                                                                    (3) Faster evidence review; detection and elimination of duplicate claims; creating more effective and consistent settlements; increased dismissal or settlement of weak claims; attorney time saved.","Summaries, Classifications, Predictions: document summaries, duplicate detection, inconsistency flagging, settlement predictions."
DOJ,AI Sandbox for exploration and education on AI,Department of Justice / OJP,1,0,general_llm,,a) Pre-deployment – The use case is in a development or acquisition status.,Generative AI,,,"Help identify enhancement in mission capabilities
Explore Risk management
Help identify AI Use cases with OJP 
Educate AI enable workforce","Enhance OJP workforce to work faster 
Reduce number of software that AI can achieve
Improving access to data","Risks assessments
Recommendations
Decision"
DOJ,AI-assisted Legacy Code Modernization,Department of Justice / CIV,1,0,general_llm,unspecified,a) Pre-deployment – The use case is in a development or acquisition status.,Generative AI,,,"This initiative uses AI-assisted code translation and refactoring tools to automatically convert legacy code into modern, secure languages (e.g., Java, Python) while flagging logic gaps and optimizing for cloud environments. Aligns with E.O. 14179’s innovation directive and M-25-21’s governance requirements.","(1) Modernized applications improve resilience, reduce security risk, and lower long-term IT O&M costs, directly supporting DOJ’s modernization and cybersecurity priorities. (2) Builds on DOJ CIO modernization roadmaps, Federal IT dashboards, and prior migration initiatives to cloud platforms.
(3) Reduction in legacy system maintenance costs, outages and performance loss; # of applications successfully migrated; cybersecurity vulnerabilities reduced.","Code Generation, Recommendations, Predictions: modernized code output, optimization recommendations, vulnerability predictions."
DOJ,ATR Expert/Consulting with Bates White,Department of Justice / ATR,1,0,general_llm,,c)  Deployed – The use case is being actively authorized or utilized to support the functions or mission of an agency.,Generative AI,Redacted for cybersecurity purposes.,"Bates White, using Microsoft Azure",The AI tool will ingest all the data sets and work to standardize them so that the Bates White expert and team can use the data to run economic models.,"Assist in preliminary data processing, including document summarization, name standardization, and text extraction. This includes “cleaning” the data for additional processing, performing the equivalent of a “find and replace” function to standardize names. The Bates White system may use AI to summarize the general content of documents.",The output data may be provided to experts and support staffs working for the State Attorneys General who are cooperating with ATR on investigations and litigations. The output data will be returned to ATR for use by internal ATR economists.
DOJ,Adobe,Department of Justice / PAO,1,0,general_llm,,a) Pre-deployment – The use case is in a development or acquisition status.,Generative AI,,,"DOJ needs to communicate effectively internally and externally. This tool, can support image production for communication purposes.",Adobe has function that enables the generation of images. PAO does not use this function/feature.,"Images, if feature were in use"
DOJ,Adobe Premiere,Department of Justice / FBOP,1,0,general_llm,,c)  Deployed – The use case is being actively authorized or utilized to support the functions or mission of an agency.,Generative AI,Redacted for cybersecurity purposes.,Adobe,Seamless editing of videos and speech transcripts.,"The videos are for public-relations or educational, and not used for LE purposes.",Provides a quality video for viewing for educational purposes.
DOJ,Alation Data Catalog,Department of Justice / ATF,1,0,general_llm,Aretec SEARCH,c)  Deployed – The use case is being actively authorized or utilized to support the functions or mission of an agency.,Generative AI,Redacted for cybersecurity purposes.,Leidos,"The AI within Alation’s Data Catalog is designed to make data easy to find, understand, and use. It leverages machine learning and natural language processing (NLP) to automatically organize and tag data, creating a “map” of available information from various sources within an organization. The goal is that anyone looking for specific data can use simple, plain-language search terms, and the AI will help them locate the most relevant information quickly.","Enable users to quickly find relevant data across large, complex datasets, making information more accessible for decision-making. Additionally, Alation’s AI automates data organization and governance, helping to keep data accurate, up-to-date, and secure.  It also supports compliance and builds trust in data, empowering teams to make reliable, data-driven decisions.","The Alation Data Catalog AI system primarily produces outputs that are recommendations and predictive insights to enhance data discovery, governance, and usability. AI outputs guide users toward more efficient and informed data management."
DOJ,Automated Count of Items in Photos,Department of Justice / DEA,1,0,general_llm,,a) Pre-deployment – The use case is in a development or acquisition status.,Generative AI,,,"DEA needs a way to validate the drug forms, shapes, sizes, and counts contained in drug seizure exhibits so that this information can be effectively used in court proceedings.","To ensure timely high confidence of counts, this use case allows forensic scientists to accelerate validation and enables quality control checks by serving as a unbiased count against submitted paperwork and manual counts. This will reduce a labor and resource intensive counting process.",Outputs recommended counts with image labels.
DOJ,Aware,Department of Justice / USNCB,1,0,general_llm,Aware Biometrics,c)  Deployed – The use case is being actively authorized or utilized to support the functions or mission of an agency.,Generative AI,Redacted for cybersecurity purposes.,Aware Technologies,This commercial tool allows USNCB to ingest and process biometric information shared by domestic and international partners.,"Empowers USNCB to automate processing biometric data, improving the speed with which information is shared with partners.","Boarding passes, Ticket changes, Tools for managing changes in travel"
DOJ,Axon,Department of Justice / OIG,1,0,general_llm,,c)  Deployed – The use case is being actively authorized or utilized to support the functions or mission of an agency.,Generative AI,Redacted for cybersecurity purposes.,Axon,"No AI utilized.  But, the use case captures raw video and audio footage that are accessed only to the extent needed for prosecution or investigation purposes.  AI functionalities for analysis, voice transcription, and redaction are not utilized or relevant for our use.","This use case does not utilize AI functions.  AI features are included in the product, but have not been installed and not relevant for our use.",No AI system outputs.  Standard outputs are archival raw videos and audio footage.
DOJ,Azure Platform/Tools - Network Routing,Department of Justice / CRT,1,0,general_llm,,c)  Deployed – The use case is being actively authorized or utilized to support the functions or mission of an agency.,Generative AI,Redacted for cybersecurity purposes.,Microsoft,Decision and action relating to network routing and load management.,Expected benefits: Helps sustain reliable networks access to CRT networked infrastructure by CRT staff.,Decision and action relating to network routing and load management.
DOJ,Business Form Generation,Department of Justice / FBI,1,0,general_llm,,a) Pre-deployment – The use case is in a development or acquisition status.,Generative AI,,,Manual time-intensive process,Faster FBI operations,Document
DOJ,Camtasia,Department of Justice / CRT,1,0,general_llm,,a) Pre-deployment – The use case is in a development or acquisition status.,Generative AI,,,Dynamic captions use AI tech within the local client software to convert speech to text and produce a transcript file.,The captioning is used based on user preference within their client app.  The producing and retaining a transcript is disabled by CRT IT Policy.,Contemporaneous closed captioning. The transcription saving is disabled.
DOJ,Capture and Convert Structured Data from Scanned Case Documents to Support Advanced Analysis and Trend Forecasting,Department of Justice / DEA,1,0,general_llm,,a) Pre-deployment – The use case is in a development or acquisition status.,Generative AI,,,"The Targeting & Special Projects Unit (DOIT) has identified a critical need to capture, convert, and process both structured and unstructured text from scanned case documents to support advanced analysis and trend forecasting. This initiative will leverage an optical character recognition (OCR) solution capable of extracting both typed and handwritten content from diverse sources, including medical notes, invoices, and statements.
Captured text will be transformed into a standardized, machine-readable format (e.g., CSV) and integrated into a relational database. From there, advanced analytical techniques will be applied to reveal hidden structures, patterns, and relationships within the data. By unlocking this information, we aim to enhance our ability to anticipate trends, strengthen investigative strategies, and move toward a more predictive, data-driven approach","Save valuable investigative time that can be used to focus on the results of the analysis. Conducting more comprehensive analysis on the data will improve trend forecasting, strengthen investigative strategies, and support a more predictive, data-driven approach.",The anticipated output for this AI use case will include text for documentation and CSV for excel spreadsheet analytical work.
DOJ,Case Management System Integration,Department of Justice / TAX,1,0,general_llm,,a) Pre-deployment – The use case is in a development or acquisition status.,Generative AI,,,"Leverage AI capabilities to support case management, such as creating codes for events in cases in order to track their progress and estimating time to completion to help managers evaluate the resource needs of the case.",Reduced administrative overhead and leaner management structure,GenAI text; other precise types of outputs not yet known
DOJ,Code Development,Department of Justice / Department wide,1,0,general_llm,GitHub Copilot,c)  Deployed – The use case is being actively authorized or utilized to support the functions or mission of an agency.,Generative AI,Redacted for cybersecurity purposes.,"GitHub, Microsoft",More efficient writing and maintenance of code.,Improve developer productivity and streamline development lifecycle.,"Coding guidance and suggestions, with the tool providing real-time code completions based on comments and existing code."
DOJ,Controlled Substances Act (CSA): Automation of Reports and Consolidated Orders System (ARCOS) Data Summarization,Department of Justice / DEA,1,0,general_llm,,c)  Deployed – The use case is being actively authorized or utilized to support the functions or mission of an agency.,Generative AI,Redacted for cybersecurity purposes.,,"DEA needs a way to automate the validation, summarization, and outlier identification of ARCOS data for further analysis.",To save time and effort of fully manual review of ARCOS data.,Outputs a list of recommendation with validated data with summary information on the detected outliers.
DOJ,Controlled Substances Act (CSA): Transaction Data Ranking,Department of Justice / DEA,1,0,general_llm,,c)  Deployed – The use case is being actively authorized or utilized to support the functions or mission of an agency.,Generative AI,Redacted for cybersecurity purposes.,,DEA needs a way to rank CSA transaction data based on the factors identified/calculated as part of a manual analysis.,To reduce time and effort of manually ranking.,"Outputs a data visualization that highlights activity, based on certain factors, and includes a ranking."
DOJ,Creating and Maintaining IT Security Packages for Authorizations,Department of Justice / DEA,1,0,general_llm,,a) Pre-deployment – The use case is in a development or acquisition status.,Generative AI,,,"Cybersecurity personnel want to automate the identification of security controls that can have implementation statements, create and maintain security packages for authorizations, keep up with compliance requirements, and more quickly onboard new systems and applications.",Reduces costs while enabling use to maintain compliance and consistency,"Generated implementation statements for security packages, reporting, trending, dashboarding"
DOJ,Critical Mention,Department of Justice / EOUSA,1,0,general_llm,Critical Mention,c)  Deployed – The use case is being actively authorized or utilized to support the functions or mission of an agency.,Generative AI,Redacted for cybersecurity purposes.,Critical Mention,Identification of  public data,Reduction in time required to update,Summary of publicly available information
DOJ,DEA Drug Signature Program Models,Department of Justice / DEA,1,0,general_llm,,c)  Deployed – The use case is being actively authorized or utilized to support the functions or mission of an agency.,Generative AI,Redacted for cybersecurity purposes.,,"Understanding the manufacturing origin and distribution route of illicit drugs by analyzing the chemical composition of seized drugs is a core DEA task. The purpose of this use case is to use AI/ML techniques to develop, maintain, and improve models that enable designated forensic chemists to identify a notional geographic origin or notional manufacturing route of samples selected for DEA's Drug Signature Programs.",The solution supports designated forensic chemists at DEA to automate analyses and to more quickly identify trend changes regarding drug sample notional geographic origin or notional manufacturing route.,Designated forensic chemists responsible for a particular Signature Program are provided with the model's output - a notional geographic region of origin or a notional manufacturing route of samples -- which these forensic chemists then evaluate along with other available information to better understand drug trends.
DOJ,Data Call Code Assist Tool,Department of Justice / FBI,1,0,general_llm,,b)  Pilot – The use case has been deployed in a limited test or pilot capacity.,Generative AI,Redacted for cybersecurity purposes.,,Automating administrative tasks,"Increased efficiency and cost savings, and improved team productivity.",Search query terms
DOJ,Deposition Transcript Management,Department of Justice / TAX,1,0,general_llm,,c)  Deployed – The use case is being actively authorized or utilized to support the functions or mission of an agency.,Generative AI,Redacted for cybersecurity purposes.,LexisNexis,Assists with marking up deposition transcripts and video,"More efficient organization, annotation, and display of transcripts and deposition video",Annotated deposition video and transcripts
DOJ,Diagram Creation,Department of Justice / TAX,1,0,general_llm,,a) Pre-deployment – The use case is in a development or acquisition status.,Generative AI,,,Make effective diagrams and illustrations quickly from text prompts for use in briefs and as demonstratives at hearings and trial,More effective advocacy and reduced time in generating effective illustrations,GenAI images and diagrams based on user's input of data
DOJ,EOIR Adjudicator Notice/Order Writing Assistance,Department of Justice / EOIR,1,0,general_llm,,a) Pre-deployment – The use case is in a development or acquisition status.,Generative AI,,,"To reduce time for EOIR adjudicators to draft notices and orders for immigration cases.  After reviewing the facts in the case and conducting a legal analysis of the issues presented, EOIR adjudicators and legal support staff determine their legal conclusions.  Technology could be utilized to assist in preparation of a draft document for review by EOIR personnel based on the adjudicator's legal conclusions.","Improvement in the quality of writing (grammar, spelling, clarity, conciseness, etc.), as well as improvements to quality of decisions with more robust citations to the relevant facts in the case and the legal authority used to support the legal conclusions. Reduced time for drafting lengthy orders or notices. Reduced time to complete immigration cases.","Suggested templates for notices. Recommendations for case specific draft orders that include citations to the record and relevant legal authority, with embedded links to allow for efficient review and refinement."
DOJ,Enterprise Telecommunications Information System,Department of Justice / FBI,1,0,general_llm,,c)  Deployed – The use case is being actively authorized or utilized to support the functions or mission of an agency.,Generative AI,Redacted for cybersecurity purposes.,,Speech to text.,Reduced customer wait time.,text
DOJ,Exiger Supply Chain Risk Management - DDIQ Due Diligence Analytics,Department of Justice / JMD,1,0,general_llm,,c)  Deployed – The use case is being actively authorized or utilized to support the functions or mission of an agency.,Generative AI,Redacted for cybersecurity purposes.,Exiger,Provides DOJ with capabilities to perform Supply Chain Risk Management assessments to support agency cybersecurity posture.,Provides DOJ with  analytical risk dashboards and company cybersecurity scorecards which provides DOJ with capabilities to make an informed decisions on whether or not to move forward with the acquisition of a goods/services based on the risks identified during research.,"List of outputs include additional data and risk scores such as Foreign Ownership Control or Influence (FOCI), Reputational Criminal Regulatory (RCR), Financial Health Risk"
DOJ,Exiger Supply Chain Risk Management - DDIQ Research Engine,Department of Justice / JMD,1,0,general_llm,,c)  Deployed – The use case is being actively authorized or utilized to support the functions or mission of an agency.,Generative AI,Redacted for cybersecurity purposes.,Exiger,Provides DOJ with capabilities to perform Supply Chain Risk Management assessments to support agency cybersecurity posture.,Provides DOJ vendor profiles that aggregate data from open source repositories using API keys. This data gives DOJ information to make an informed decisions on whether or not to move forward with the acquisition of a goods/services based on the risks identified during research.,"List of outputs include additional data and risk scores such as Foreign Ownership Control or Influence (FOCI), Reputational Criminal Regulatory (RCR), Financial Health Risk"
DOJ,"Generating Recommendations, Outlines, and Summaries",Department of Justice / DEA,1,0,general_llm,,a) Pre-deployment – The use case is in a development or acquisition status.,Generative AI,,,"DEA needs a way to analyze unstructured and structured data to support providing recommendations, outlines, data classification, summaries, and other business operation support.",To accelerate insights and tool development to advance DEA's business operations and better serve the public.,Outputs may include visualizations and tables that support efficiencies in administrative functions.
DOJ,Generation of Graphs and Charts,Department of Justice / JMD / OCDETF,1,0,general_llm,,a) Pre-deployment – The use case is in a development or acquisition status.,Generative AI,,,Create charts and graphs by describing the requested data to integrate.,Charts and graphs aide in reporting of HSTF investigations. Enabling this technology will reduce tremendously reduce the time which was used for formatting traditional Microsoft products.,"Recommendation
Provide sample data to create charts and graphs to populate"
DOJ,Immigration Case and Filing Content Summary,Department of Justice / EOIR,1,0,general_llm,,a) Pre-deployment – The use case is in a development or acquisition status.,Generative AI,,,"EOIR legal support staff and adjudicators review voluminous filings in EOIR immigration proceedings, sometimes ranging into hundreds of pages for a single filing, and parties to proceedings do not organize content clearly or at all, which hinders review and processing by EOIR personnel to adjudicate the case. EOIR legal staff organize, review and categorize documentation submitted, and many of these administrative functions could be automated. In addition, EOIR's legal education and training team spends hours reading and summarizing immigration case law to prepare agency trainings and informational materials.","Technological assistance with research so adjudicators and legal support staff may focus their time and attention on utilizing their decision-making skill sets on legal analysis and drawing legal conclusions in an efficient manner. Decrease time and labor required for processing filings, reviewing filings, categorizing cases, and locating relevant content in filings, which improves the efficiency of the immigration proceedings. Decrease time and labor for reading and preparing immigration law trainings and informational materials.","Summaries of court filing contents with references to the source of information within the summary. Tabbing, labeling, and identifying submission types within voluminous court filings. Information pointers to EOIR adjudicators and legal support staff regarding where specific content most relevant to the adjudicator’s inquiry is located within the record. Summaries of immigration case law and other relevant legal authorities."
DOJ,Insider Threat Management and User Activity Monitoring,Department of Justice / EOUSA,1,0,general_llm,,c)  Deployed – The use case is being actively authorized or utilized to support the functions or mission of an agency.,Generative AI,Redacted for cybersecurity purposes.,,Identification and prevention of anomalous user behavior too subtle for human detection and analysis,"Usage of this system proactively identifies and prevents costly data breaches, reducing incident response time, and gives EOUSA and the USAO comprehensive insight of user behavior to maintain security and compliance",Analytics and predictive models
DOJ,Inspection Productivity Tool,Department of Justice / OIG,1,0,general_llm,,a) Pre-deployment – The use case is in a development or acquisition status.,Generative AI,,,"Reduce the time involved in analyzing draft reports and content recommendations in compliance with published standards, guidance, and rule books.","Quicker turn around for creating reports, analysis of reports to ensure consistency in content and removal of redundancy, and to assist in the management of report length.","Suggested phrases to reword a paragraph and/or identification of errors in statements as they align towards defined standards, guidance, or rule books."
DOJ,Instructional System Design Online Courses,Department of Justice / DEA,1,0,general_llm,,a) Pre-deployment – The use case is in a development or acquisition status.,Generative AI,,,DEA has a mission to protect communities and save lives. The purpose of this use case is to generate images for use in training materials.,To reduce the amount of time and resources needed to develop training aids and graphical inserts for online Computer Based Training (CBT).,Outputs graphical content based on the queries entered by users.
DOJ,Link Analysis and Chart Creation from Narrative Summaries,Department of Justice / JMD / OCDETF,1,0,general_llm,,a) Pre-deployment – The use case is in a development or acquisition status.,Generative AI,,,Linkages are generally identified manually based on human review of unstructured narratives.  This is time consuming.,"AI batch review of large groups of data sources to identify linkages, permiting staff to focus their review and analysis.","Recommmendation
Sample of narrative to identify and create links in correlated data"
DOJ,Mass Claim Tool,Department of Justice / CIV,1,0,general_llm,,a) Pre-deployment – The use case is in a development or acquisition status.,Generative AI,,,"Components with mass claims, such as RECA must respond to tens of thousands of similar claims within statutorily defined timelines, or the U.S. forfeits its defenses. Tools to quickly process mass claims, including template letter generation, claim categorization, and automated data entry of standardized filings could meet urgent needs.","(1) Ensures statutory compliance for mass claims processing, protecting the government's legal defenses while providing timely relief to eligible claimants.
(2) Builds on existing RECA program infrastructure and mass claims databases while incorporating specialized medical data handling and privilege protections.
(3) Achievement of statutory processing deadlines; reduced attorney hours per claim; improved consistency in claim categorization; automated template generation; enhanced quality control processes; increased claimant satisfaction through faster processing.","Content Generation, Classifications, Automation: template letters, claim category assignments, automated data entry, standardized filing generation, quality control flags."
DOJ,"Matlab (Forecasting, predictive analytics, data/statistical analysis)",Department of Justice / ATR,1,0,general_llm,,a) Pre-deployment – The use case is in a development or acquisition status.,Generative AI,,,Forecasting market conditions using various data sources for economic analyses.,"Provides ATR with the ability to analyze, summarize, synthesize, and manage various data sources and data formats to support economic and statistical analysis of corporation and market conditions. ATR relies heavily on data analytical tools to support micro - and macro-level analysis.","predictive model outputs
statistical analysis
natural language processing
text analytics
forecasting predictions
optimization recommendations
risk analysis scores
anomaly detection 
customer segmentation groupings
decision tree analysis paths"
DOJ,Narrative Analysis for DOJ MIS,Department of Justice / JMD / OCDETF,1,0,nlp_specific,,a) Pre-deployment – The use case is in a development or acquisition status.,Natural Language Processing (NLP),,,"Will create summaries or precis from large volumes of text narratives submitted on HSTF forms, for both information triage and trend analysis / emerging threat detection purposes. Gen AI would also allow interactive queries (e.g. you ask it questions) about the data it has summarized, and would be transparent (with citations of underlying data as needed).","Provide rapid review of information submitted on DOJ MIS forms, including Investigation Initiation Forms (IIFs) and interim and final updates on open investigations. This will reduce the time necessary during data entry and review for forms and will provide guidance on emerging threat areas which HSTF NCC may use to determine resource allocation or areas for additional study.",Summary of long narrative text (on a per form basis). Summary of trends common across multiple forms' narrative texts.
DOJ,Narrative Analysis for Fusion Desktop,Department of Justice / JMD / OCDETF,1,0,nlp_specific,,a) Pre-deployment – The use case is in a development or acquisition status.,Natural Language Processing (NLP),,,"Will create summaries or precis from large volumes of text narratives submitted on Fusions Desktop forms, for both information triage and trend analysis / emerging threat detection purposes. Gen AI would also allow interactive queries (e.g. you ask it questions) about the data it is summarized, and would be transparent (with citations of underlying data as needed).",Provide rapid review of information submitted as data ingested into the Fusion Desktop database. This will reduce the time necessary during data entry and review and will provide guidance on emerging threat areas which HSTF NCC may use to determine resource allocation or areas for additional study.,Summary of long narrative text (on a per form basis). Summary of trends common across multiple forms' narrative texts.
DOJ,Pacer Search,Department of Justice / PARDON,1,0,general_llm,Aretec SEARCH,c)  Deployed – The use case is being actively authorized or utilized to support the functions or mission of an agency.,Generative AI,Redacted for cybersecurity purposes.,Techsmith,Validate identity,The service provides more confidence that the correct person has been identified,PII about the individual.
DOJ,Percipio Skillsoft,Department of Justice / Department Wide,1,0,general_llm,,a) Pre-deployment – The use case is in a development or acquisition status.,Generative AI,,,Helps employees identify relevant training courses.,Interactive tool customizes learning environments for the workforce's individual needs.,Training recommendations.
DOJ,"R (Forecasting, predictive analytics, data/statistical analysis)",Department of Justice / ATR,1,0,general_llm,,a) Pre-deployment – The use case is in a development or acquisition status.,Generative AI,,,Forecasting market conditions using various data sources for economic analyses.,"Provides ATR with the ability to analyze, summarize, synthesize, and manage various data sources and data formats to support economic and statistical analysis of corporation and market conditions. ATR relies heavily on data analytical tools to support micro - and macro-level analysis.","predictive model outputs
statistical analysis
natural language processing
text analytics
forecasting predictions
optimization recommendations
risk analysis scores
anomaly detection 
customer segmentation groupings
decision tree analysis paths"
DOJ,"Stata (Forecasting, predictive analytics, data/statistical analysis)",Department of Justice / ATR,1,0,general_llm,,a) Pre-deployment – The use case is in a development or acquisition status.,Generative AI,,,Forecasting market conditions using various data sources for economic analyses.,"Provides ATR with the ability to analyze, summarize, synthesize, and manage various data sources and data formats to support economic and statistical analysis of corporation and market conditions. ATR relies heavily on data analytical tools to support micro - and macro-level analysis.","predictive model outputs
statistical analysis
natural language processing
text analytics
forecasting predictions
optimization recommendations
risk analysis scores
anomaly detection 
customer segmentation groupings
decision tree analysis paths"
DOJ,Summarization Tool,Department of Justice / FBI,1,0,nlp_specific,,c)  Deployed – The use case is being actively authorized or utilized to support the functions or mission of an agency.,Natural Language Processing (NLP),Redacted for cybersecurity purposes.,,Summarization,Faster FBI operations,Data summarization
DOJ,Symphony AD-Hoc Batch Processing,Department of Justice / FBI,1,0,general_llm,,c)  Deployed – The use case is being actively authorized or utilized to support the functions or mission of an agency.,Generative AI,Redacted for cybersecurity purposes.,,"Translation, transcription, and summarization tool for language processing",Faster FBI operations,Transcribed and translated language
DOJ,Synthetic data generation for software testing,Department of Justice / FBI,1,0,general_llm,,a) Pre-deployment – The use case is in a development or acquisition status.,Generative AI,,,Synthetic data generation for software testing,Faster FBI operations,test data
DOJ,Translation tool,Department of Justice / USMS,1,0,general_llm,,a) Pre-deployment – The use case is in a development or acquisition status.,Generative AI,,,Provide USMS with the tools that can be integrated with USMS and USNCB data stores such as email content and other files for multiple language translated to English and vice versa.,"The proposed tools are more cost efficient than other software based solutions. In addition, the tool provides significantly more languages beyond those purchased with previous tools.",Translated text
DOJ,UiPath Document Understanding,Department of Justice / USMS,1,0,general_llm,,a) Pre-deployment – The use case is in a development or acquisition status.,Generative AI,,,"Reduce errors and delays in manual data interpretation and data entry. Potential for significant time savings, additional security and reliability since staff are not working through multiple applications to get the same task done.","Use case  helps improve customer experience. It simplifies the processing of complex, unstructured data, expediting decision-making processing, onboarding, and servicing. Automating document processing also reduces the risk of errors. By mitigating the risk of human error, data input errors, missed information, and incorrect procedures are less likely to occur. The result is improved compliance, reduced time people spend on rework, and less losses for the agency.","Extract and interpret data from a wide range of document types and formats, including images, PDFs, handwriting, signatures, checkboxes, and tables."
DOL,EBSA Case File Summarization,EBSA,1,0,general_llm,,a) Pre-deployment – The use case is in a development or acquisition status.,Generative AI,,,Identify and describe electronic documents received by EBSA investigators for formal investigations - save time by automating the first phase of the document review process,Save time for EBSA investigators by automating the first phase of the document review process,Generation of a document's formal title and description of the document's contents
DOL,Electronic Records Management,OCIO,1,0,general_llm,,a) Pre-deployment – The use case is in a development or acquisition status.,Generative AI,,,"Meeting NARA metadata standards for (permanent) federal documents by using AI to identify data within the document, and also using NLP to classify and summarize documents.",Improved efficiency and mission effectiveness,"NLP Generated Summaries, AI classfication of documents"
DOL,Language Translation,OCIO,1,0,general_llm,,a) Pre-deployment – The use case is in a development or acquisition status.,Generative AI,,,"Eliminates language barriers by translating documents and communications across multiple languages.
Improves access to services and information for non-English-speaking stakeholders",Quick translation to different languages  using natural language processing models.,Translation
DOL,NLP Processing tool for ILAB,CEO-ILAB,1,0,general_llm,,a) Pre-deployment – The use case is in a development or acquisition status.,Generative AI,,,"The Natural Language Processing tool is intended to be a conversational query and synthesis tool that summarizes and synthesizes evaluation and technical assistance reports, as well as responses to requests for public comments, and queries information contained in these reports. The tool uses a Retrieval-Augmented Generation (RAG) approach and will include processing of both publicly available and restricted-access documents to train and test the tool.","Rapidly summarizes and synthesizes large volumes of evaluation and technical assistance reports, thereby increasing efficiency",The tool responds to queries by providing information summarized from reports and other documents.
DOL,Note Taking Bot,OCIO,1,0,general_llm,,c)  Deployed – The use case is being actively authorized or utilized to support the functions or mission of an agency.,Generative AI,AUNTEE BOT,"Synergy PIID: 1605DC19A0004
Azure PIID: NNG15SD60B",The bot will take the transcript and summarize the meeting notes,"An AI bot that converts meeting transcripts into concise, searchable notes improves productivity and information sharing by reducing manual effort.",The output will be a transcript of the meeting and from the transcript summary and action items
DOT,Power Platform Use,FAA AJO,1,0,general_llm,,Deployed,Generative AI,,,Speeds up the development of code structure.,,Provides programming language recommendations (C#) to support coding/software development.
EPA,Document comparison,Region 8,1,0,general_llm,,b)  Pilot  The use case has been deployed in a limited test or pilot capacity.,Generative AI,AI-Work,,Review and comparison of two documents,cutting back on the number of templates that we maintain.,text and comparison between two documents.
EPA,RelativityOne Gov aiR,OFA,1,0,general_llm,,a) Pre-deployment  The use case is in a development or acquisition status.,Generative AI,,,"aiR for Review is designed to perform an initial first-pass review in legal case or other document review, such as a FOIA matter. Relativity's ""aiR for Review"" identifies potentially relevant documents, describes why they are relevant using natural language, and demonstrates this relevance using citations from the document.","aiR for Review can improve efficiency in document reviews, potentially enabling the Agency to more quickly and efficiently respond to FOIA and other eDiscovery requests.","Relativity's ""aiR for Review"" identifies potentially relevant documents, describes why they are relevant using natural language, and demonstrates this relevance using citations from the document."
FDIC,Corporate Impact Analysis Object,Office of Legislative Affairs,1,0,general_llm,,a) Pre-deployment  The use case is in a development or acquisition status.,Generative AI,,,"The Office of Legislative Affairs is the Corporations congressional liaison that closely monitors and responds to legislation important to the FDIC. In doing so, the Office of Legislative Affairs is responsible for identifying legislation in a timely manner and working with the Legal Division to complete a legislative analysis summarizing the impact of the legislation relative to the FDIC, insured depository institutions, and consumers (at a minimum). The Corporate Impact Analysis Object use case will utilize previously generated legislative analysis for both recently introduced legislation in the last six years, as well as full public law analyses since 1993 to source draft impact statements of bills.  The quicker turnaround of draft analyses will address the significant reduction in attorneys available to draft this work product.","Currently, the Office of Legislative Affairs (OLA) spends time reviewing legislative analyses generated by the Legal Division.  The AI solution is intended to enhance this process by decreasing both the time necessary to compile an initial review, as well as allowing for more focus to be placed on the fundamental impacts and thereby leading to productivity gains.","The output of the system will generate a Highlight Overview of the legislation to include the name of the sponsor and bill title; an overall Summary of the bill; a section on the potential impact to FDIC; a section on the potential impact to financial institutions; and a section on the potential impact to Consumers."" Outputs will be used to brief OLA, Legal Division, and Office of the Chairman (as well as other D/Os) on the impact the legislation will have on the Corporation, insured depository institutions, consumers, etc."
FDIC,Criminal Background Investigation,Division of Administration and Office of Inspector General,1,0,general_llm,,c)  Deployed  The use case is being actively authorized or utilized to support the functions or mission of an agency.,Generative AI,CLEAR,CLEAR,"By automating the verification process for conducting background screenings, the tool helps FDIC make faster and more informed hiring and investigatory decisions.","Improving the time in completing background screening.  Reduce inaccurate and/or incomplete information on individuals.  Reduce the manual verification process, which can be cumbersome and place a heavy administration burden on HR staff. Protects FDIC insured institutions from high risk individuals.",Aggregation of public records used to evaluate risk.
FDIC,Enterprise FDIC Chat,Chief Information Officer Organization,1,0,general_llm,Aretec SEARCH,a) Pre-deployment  The use case is in a development or acquisition status.,Generative AI,,,"Human capital resources are used on reading and summarizing content, research, generating draft documents, generating briefings, and searching for agency information.","Improvements in speed to skillset and business productivity for employees by introducing a secure, agency compliant Chat that can provide AI-assisted Q&A, content summarization, and basic semantic search.","Generate first drafts of documents, briefings, or communication materials. Create visual representation of data sets for reports or presentations. Search for agency information using knowledge retrieval system."
FDIC,Knowledge Article Generation,Chief Information Officer Organization,1,0,general_llm,,a) Pre-deployment  The use case is in a development or acquisition status.,Generative AI,,,Increase in self-service available answers and a reduction in issue resolution times through improved quantity and quality of information available to provide answers to previously solved problems.,"Decreased effort to produce and validate knowledge articles, which will result in an increase in self-service available answers and a reduction in issue resolution times through improved quantity and quality of information available to provide answers to previously solved problems.",A document containing steps and conclusions to IT issues published via a web based native format.
FERC,Summarization & Policy Analysis for Regulatory Comments (originally Leverage AI in the Rulemaking Process Use Case),FERC,1,0,nlp_specific,,c)  Deployed – The use case is being actively authorized or utilized to support the functions or mission of an agency.,Natural Language Processing (NLP),Microsoft Azure Commercial,Zvolvant (Small Business),"Addresses duration, efficiencies, and accuracies in initial comment analysis.",Reduces the time required for comment analysis as part of mission processes.,"1.Groups public comments by topic and identifies the overall sentiment: positive, negative, or neutral toward each issue.
2.Provides interactive summaries and visualizations that help analysts quickly understand what commenters are saying and how many are engaged on each topic.
3.Enables analysts to ask questions about the comments and receive AI-generated answers, making it easier to explore large volumes of feedback efficiently."
FHFA,Public Comments Summarization and Topic Classifications Pilot Project,DBR,1,0,classical_ml,,"d) Retired – The use case was reported in the agency’s prior year’s inventory, but its development and/or use has since been discontinued.",,,,,,
FRTIB,AVA,Agency Wide,1,0,general_llm,,c)  Deployed – The use case is being actively authorized or utilized to support the functions or mission of an agency.,Generative AI,Converge,Accenture Federal Services (AFS),Assist with participant questions,Help participants answering questions about the TSP,Answers questions about the TSP that participants may have
FRTIB,Contact Center AI,Agency Wide,1,0,general_llm,Aretec SEARCH,c)  Deployed – The use case is being actively authorized or utilized to support the functions or mission of an agency.,Generative AI,Converge,Accenture Federal Services (AFS),Assist participant Service Representative interaction with plan participants,"Help with knowledgebase search, transcription and scripts","Transcriptions, knowledge articles"
FTC,Azure ML,BCP/DCRO,1,0,general_llm,,a) Pre-deployment  The use case is in a development or acquisition status.,Generative AI,Sentinel Network Services,Microsoft,Ad-hoc Machine learning tasks are taking longer time to train and review results,Assist data analysts with training and testing machine learning models .,Provide a data analytics platform that can be used to quickly train and test machine learning models with GPU (Graphics Processing Unit) enabled compute.
FTC,CRC Call Summarization,BCP/DCRO,1,0,general_llm,,c)  Deployed  The use case is being actively authorized or utilized to support the functions or mission of an agency.,Generative AI,Sentinel Network Services,Microsoft,The process of summarizing consumer complaints relies heavily on the subjective judgment of CSRs (Consumer Service Representative) to identify and document the key points of each case.,Improve data quality and customer experience,Assist with summarizing call data while ensuring PII redaction for safeguarding sensitive information.
GPO,Document Summarization and Text to Podcast Conversion,,1,0,classical_ml,,Currently being piloted,"Cloud-based commercial off-the-shelf, preconfigured Large Language Model (LLM).",,,GPO employs this AI tool to summarize large documents and answer questions about their content. The tool is also used to convert policies into audio (podcast-style) to assist visually impaired individuals.,,
GSA,ASSIST ECF Autoclassification and Summary,,1,0,general_llm,,a) Pre-deployment - The use case is in a development or acquisition status.,Generative AI,,,"The AI is intended to solve the problem of manual document review and categorization by Contracting Officers (COs) within the ASSIST Electronic Contract File (ECF) system. Currently, COs spend significant time reviewing and categorizing 20-50 documents per acquisition, leading to approximately 100-150 monthly help desk calls from new COs seeking guidance due to the manual effort and potential for errors.",,
GSA,Expedited Transfer of Program of Requirements into Test Fit Layouts and Concept Design Options,,1,0,general_llm,,a) Pre-deployment - The use case is in a development or acquisition status.,Generative AI,,,"The AI is intended to solve the time-consuming process of generating initial test fit layouts and concept design options from program requirements, a task that traditionally takes weeks to months. By leveraging AI, the system aims to significantly expedite this process, allowing for preliminary designs to be created within 24 to 72 hours. This addresses the need for faster turnaround times in initial design conversations and concept visualization for potential clients.",,
GSA,LaborMatch IQ - Efficient Services Pricing Market Research,,1,0,general_llm,,a) Pre-deployment - The use case is in a development or acquisition status.,Generative AI,,,"The AI is intended to solve the problem of inefficient and ineffective services pricing market research. By leveraging a RAG (Retrieval-Augmented Generation) AI capability, the system aims to streamline and improve the accuracy of gathering market pricing information for services, which is a crucial aspect of procurement activities.",,
GSA,Lot Description Generation,,1,0,general_llm,,a) Pre-deployment - The use case is in a development or acquisition status.,Generative AI,,,"The AI is intended to solve the problem of simplifying sales creation and the lotting process by automatically generating lot descriptions. This will reduce sales contracting officer time, minimize manual errors, and help sell assets more quickly.",,
GSA,ReDux Toolkit,,1,0,general_llm,,a) Pre-deployment - The use case is in a development or acquisition status.,Generative AI,,,"The AI is intended to solve the challenges associated with application modernization and legacy system assessment, specifically by accelerating requirements generation automation, facilitating migration from current to target language and software stacks, and providing comprehensive documentation for all use cases and system functionalities, thereby addressing issues such as limited availability of Subject Matter Experts (SMEs).",,
GSA,Software Supply Chain Security Research,,1,0,general_llm,,a) Pre-deployment - The use case is in a development or acquisition status.,Generative AI,,,"The AI is intended to solve the problem of time-consuming manual research into security vulnerabilities for third-party software as part of the Software Security Review process. Currently, a manual process handles a limited number of issues per day, and a backlog of over 200 issues exists, with each issue potentially taking hours of human effort for research.",,
GSA,Strategic Atlas,,1,0,general_llm,,c)  Deployed - The use case is being actively authorized or utilized to support the functions or mission of an agency.,Generative AI,,,"The AI is intended to solve the problem of difficulty in monitoring strategy execution and related opportunities at GSA, specifically because execution often depends on agency partners whose priorities, progress, and results are hard to track.",,
HHS,AI Assist,HHS/NIH,1,0,general_llm,,a) Pre-deployment  The use case is in a development or acquisition status.,Generative AI,,,"This solution is designed to address the challenges of manually processing and analyzing large volumes of unstructured dataincluding documents, reports, and policieswhich is often time-consuming, labor-intensive, and prone to human error.","The implementation of an AI-powered analytics solution will streamline data processing, reduce human error, and enable faster, more accurate decision-making at NINDS. This will enhance operational efficiency, strengthen compliance, and allow staff to focus on higher-value tasks.","Text summary, document comparison, keyword extraction, assistance with writing, filling out forms, creating presentations, spreadsheets"
HHS,AI DevOps - Improving Development and CI/CD Operations,HHS/AHRQ/CFACT,1,0,general_llm,Microsoft Teams,a) Pre-deployment  The use case is in a development or acquisition status.,Generative AI,,Pingwind,"Introducing AI to DevOps can identify and reduce errors, shorten release cycles, and empower development teams with data-driven insights, resulting in faster continuous integration and shorter development lifecycles.","Integrating AI into DevOps pipeline can boost efficiency, enhance code quality, and accelerate development cycle. AI code review uses artificial intelligence algorithms to analyze source code for potential issues. Initial integration of AI code review can assist in detecting bugs, security vulnerabilities, performance bottlenecks, and deviations from coding standards.","Integrating AI into DevOps pipeline can boost efficiency, enhance code quality, and accelerate development cycle. AI code review uses artificial intelligence algorithms to analyze source code for potential issues. Initial integration of AI code review can assist in detecting bugs, security vulnerabilities, performance bottlenecks, and deviations from coding standards."
HHS,AI Editing Tool,HHS/FDA/CDER,1,0,general_llm,,b)  Pilot  The use case has been deployed in a limited test or pilot capacity.,Generative AI,,,This AI model is designed to detect style and formatting inconsistencies in FDA draft documents by comparing them against the FDA CDER Style Guide standards. It solves the problem of manual quality control inefficiencies and ensures consistent adherence to established documentation standards across all FDA CDER publications.,"It significantly reduces the workload for FDA editors by identifying style and formatting issues; however, human review remains essential, especially for important documents, ensuring both efficiency and quality in FDA communications.",AI-identified style and formatting issues
HHS,AI Harvest Service,HHS/OCIO,1,0,general_llm,,b)  Pilot  The use case has been deployed in a limited test or pilot capacity.,Generative AI,HealthData.gov,Tyler Technologies,"The Harvest Service addresses inconsistent or incomplete metadata across distributed HHS open data sources by normalizing descriptions, creating concise summaries, and tagging data assets for improved searchability","Enhanced discoverability of HHS  data from distributed agency-owned systems; improved user accessibility of health- and human-related data; faster identification of relevant data assets for researchers, policymakers, and the public; and increased value of open data investments.",AI-generated concise data asset descriptions and standardized metadata tags integrated into HHS Data Hub asset records; improved open data records surfaced on HealthData.gov for public consumption.
HHS,AI Language Translation Support in Smartling,HHS/CMS/OC,1,0,general_llm,,c)  Deployed  The use case is being actively authorized or utilized to support the functions or mission of an agency.,Generative AI,,,Improved translation,"Cost savings, improved efficiency and quality",Suggestion
HHS,AI Search in Google Vertex (discovery),HHS/CMS/OC,1,0,general_llm,Aretec SEARCH,a) Pre-deployment  The use case is in a development or acquisition status.,Generative AI,,,Improved search,Improved customer experience,Suggestions
HHS,AI Web Content Search Engine Optimization (SEO) in Drupal,HHS/CMS/OC,1,0,general_llm,Aretec SEARCH,a) Pre-deployment  The use case is in a development or acquisition status.,Generative AI,,,Search engine optimization,"Cost savings, improved efficiency and quality",Suggestion
HHS,"AI identification of ""High-Risk"" Health Centers",HHS/HRSA,1,0,general_llm,,a) Pre-deployment  The use case is in a development or acquisition status.,Generative AI,,,"Manual identification of high-risk health centers is resource-intensive and may miss key indicators across large datasets. Would support a proactive, data-driven approach to inform site visit schedules and technical assistance planning.","AI-driven risk identification would allow BPHC to better allocate resources, prioritize site visits, and provide tailored technical assistance. This will help improve compliance, operational performance, and ultimately the quality of care delivered by health centers","The system would use predictive analytics and risk modeling to generate a prioritized list of health centers considered ""high-risk"" based on predefined indicators (e.g., patient safety concerns, poor quality metrics, application anomalies). Outputs will support more targeted oversight and TA deployment schedules."
HHS,AI in Figma Make,HHS/CMS/OC,1,0,general_llm,,c)  Deployed  The use case is being actively authorized or utilized to support the functions or mission of an agency.,Generative AI,,,Rapid prototyping,Improved speed and efficiency,Suggestion
HHS,AI-Enhanced Journal Clubs,HHS/NIH,1,0,general_llm,,a) Pre-deployment  The use case is in a development or acquisition status.,Generative AI,,,"A lack of engagement, efficiency, and productivity at journal clubs due to the burden of gathering topically relevant and high quality journal articles for review.",Make journal clubs more engaging and informative with highly relevant articles recommended by the AI.,Recommended journal articles
HHS,AI-Generated Pre-Briefs for MAG Hearings and AIRC Sessions,HHS/CMS/OHI,1,0,general_llm,,a) Pre-deployment  The use case is in a development or acquisition status.,Generative AI,,,Utilize an AI system to compile structured pre-briefs for MAG Hearings and AIRC sessions.,"The goal is to provide Hearing Officers with a concise, data rich overview of the appeal case, enabling more focused and efficient sessions.","A standardized, data-rich case summary for each appeal, including key facts, timelines, relevant documentation, and decision history, presented in a concise format optimized for Hearing Officer review."
HHS,AI-assisted Platform for Clinical Pharmacology Review,HHS/FDA/CDER,1,0,general_llm,,a) Pre-deployment  The use case is in a development or acquisition status.,Generative AI,,,"The AI solution addresses inefficiency in the clinical pharmacology review process by reducing time reviewers spend on routine tasks, allowing them to focus their expertise on complex scientific analysis and decision-making that truly requires their specialized knowledge.","The AI integration is expected to enhance agency efficiency by optimizing reviewer time allocation, allowing them to focus on high-value tasks requiring specialized expertise. This leads to improved productivity, reduced delays, and enhanced overall performance. For the public, this translates to more timely and higher quality regulatory reviews of new medications.","AI assisted answers to list of tasks in selected task groups for clinical pharmacology review, including supporting information helping reviewers to identify the source of information from original documents."
HHS,AI-enabled User Support and Impact Monitoring,HHS/NIH,1,0,general_llm,,a) Pre-deployment  The use case is in a development or acquisition status.,Generative AI,,,User support for DSLD data inquiries and monitoring of DSLD usage and impact in the research community.,"Support AI adoption in the federal workforce, offer new ways to address the complex analytical needs of DSLDs super-user community by allowing for a deeper exploration of the data than the standard DSLD web interface can provide, and provides the opportunity to evaluate the AI tool and to make incremental improvements by fine-tuning the model and interface.",Chatbot-style interface
HHS,AI-generated podcast describing recent advances in methods for analysis of RNA-seq data,HHS/NIH,1,0,general_llm,,a) Pre-deployment  The use case is in a development or acquisition status.,Generative AI,,,Genomic analysis is a rapidly evolving field with advances in analytical methods arising frequently. This makes it difficult to stay on top of new techniques.,Improved understanding of new genomic analytical methods,An AI-generated podcast episode synthesizing information from several recent publications highlighting new methods for genomic analysis
HHS,ASSIST Tool,HHS/CMS/OFM,1,0,general_llm,,a) Pre-deployment  The use case is in a development or acquisition status.,Generative AI,,,This tool focuses on strategic alignment and mission effectiveness across the team.,"This tool focuses on strategic alignment and mission effectiveness by ensuring that work activities directly support CMS's strategic objectives through Strategic Framework Integration. It maintains organizational direction and priorities with a Mission Focus. Furthermore, it drives performance improvements and best practices through Operational Excellence and demonstrates how daily work contributes to broader CMS goals with accountability.",The output provides analysis and recommendations based off of stated operational achievements.
HHS,Annual Report CMC,HHS/FDA/CDER,1,0,general_llm,,c)  Deployed  The use case is being actively authorized or utilized to support the functions or mission of an agency.,Generative AI,CDEROne Analytics: FISMA-high environment,Deloitte,"FDA receives numerous annual reports from drug manufacturers containing important manufacturing and quality information, but key details can be difficult to locate quickly within lengthy documents.","Objective of this use case was to assist in extracting Chemistry, Manufacturing, and Controls (CMC) changes reported within unstructured annual report industry submission documents to help build a complete repository for downstream analysis and more efficient regulatory review.",Support information extraction from unstructured documents
HHS,Artificial Intelligence Use Case Pilot in Medical Review on Medicare Fee-For-Service (FFS) Improper Payment Measurement (Comprehensive Error Rate Testing Program) Data,HHS/CMS/OFM,1,0,general_llm,,a) Pre-deployment  The use case is in a development or acquisition status.,Generative AI,,,"OFM is  hoping to leverage cutting-edge AI technology to potentially introduce new efficiencies and accuracy in the Comprehensive Error Rate Testing (CERT) medical review process by moving away from manual medical review which is costly, sometimes inaccurate, and inefficient.","Expected benefits include cost savings, new efficiencies and accuracy of clinical medical review decision making for reporting meaning Medicare FFS improper payment improper payments.",Recommendation
HHS,Assessing public comment responses to draft NIOSH wildland fire smoke document,HHS/CDC,1,0,nlp_specific,,a) Pre-deployment  The use case is in a development or acquisition status.,Natural Language Processing (NLP),,,Efficiently compile and synthesize the public comments received for a draft NIOSH document.,Make the NIOSH response to public comments more efficient and effective and reduce the time needed to review public comments.,Public comment responses compiled in various formats to make the response process more efficient.
HHS,Assist in research on the association between hearing loss and dementia for the NIDCD EARssentials hot topic presentation,HHS/NIH,1,0,general_llm,,a) Pre-deployment  The use case is in a development or acquisition status.,Generative AI,,,Assist in deepening my understanding the statistical methodologies applied in research examining the association between hearing loss and dementia.,Improving understanding of statistical methods in population research of hearing loss and dementia.,Explanation of the concepts and methodologies used in population-based study.
HHS,Auto-Suggest Journal Tool,HHS/CDC,1,0,general_llm,,a) Pre-deployment  The use case is in a development or acquisition status.,Generative AI,,,"It can be challenging and time-consuming for NCHS staff to research journals and gather the pertinent information to guide a decision of which journal to target for publication. Important information to consider when identifying a target journal includes the journals field or subject matter, word limits, formatting and submission guidelines, whether the journal is open access, the impact factor, and acceptance rate. Existing tools use keyword searching, term frequencies, and word similarity scoring to identify potential journal matches, but AI presents the potential for a more effective approach that can consider more factors.",Reduction in researcher time spent searching through journal databases and websites to identify specific information about publication requirements.,"The tool will output a list of the top matching journals along with key information about each journal, such as the field or subject matter of the journal, word limit, whether the journal is open access, impact factor, and acceptance rate."
HHS,Automating Influenza Vaccine Virus Data Processing,HHS/CDC,1,0,general_llm,,b)  Pilot  The use case has been deployed in a limited test or pilot capacity.,Generative AI,,,Information for candidate vaccine virus (CVV) data from public-facing websites is highly labor intensive to gather. Previously R scriptstext files with computer programming commandsautomate some scraping processes but still rely on manual methods to extract data from PDFs.,"The automation from this AI use case reduced processing time for new data from about one week to one day, enabling faster access and analysis of CVV data to enhance CDCs preparedness for upcoming flu seasons.","The use case automates extracting key phrases, recognizing text, processing forms, and identifying entities to streamline data extraction and supplement missing CVV data from PDFs. This tool is intended for internal use only."
HHS,BDC Website Search,HHS/NIH,1,0,general_llm,Aretec SEARCH,a) Pre-deployment  The use case is in a development or acquisition status.,Generative AI,,,"The AI provides natural language searching of BDC website information, making it easier for users to find relevant information.",The AI will provide a more user friendly and efficient information search system.,The AI outputs natural language search responses using BDC website information. The AI also outputs citations for retrieved information.
HHS,CMS Chat,HHS/CMS/OIT,1,0,general_llm,,c)  Deployed  The use case is being actively authorized or utilized to support the functions or mission of an agency.,Generative AI,CEDAR,Skyward IT Solutions,Workforce productivity and operational efficiency,The expected benefits include significant productivity gains and enhanced operational efficiency through streamlined work.,"CMS Chat generates text-based responses including drafted content for emails and reports, document summaries and analysis, synthesized findings, brainstormed ideas, and answers to queries - all delivered through a conversational interface ."
HHS,Certification and Testing/Program Administration  AI-enabled Internal Processes,HHS/ASTP,1,0,general_llm,,a) Pre-deployment  The use case is in a development or acquisition status.,Generative AI,,,"ONCs certification and related program operations rely on many manual, text-heavy, and repetitive tasks (e.g., analyzing surveillance reports, validating certification test results, generating public meeting materials, preparing communications, managing Jira tickets, summarizing standards/IG guidance, and drafting acquisition documents). These activities are time-consuming, error-prone, and difficult to scale as program workload increases. The AI use case is intended to automate or semi-automate routine document drafting, data summarization, basic analysis, and information retrieval across these functions so staff can focus on higher-value review, oversight, and decision-making.","Expected benefits include: (1) improved efficiency of internal certification and program operations (e.g., faster preparation of surveillance analyses, CHPL artifacts, and meeting materials); (2) reduced risk of omissions and inconsistencies in internal documents through standardized AI-assisted drafting and terminology checks; (3) quicker access to relevant information from CHPL data, Jira tickets, standards implementation guides, and financial spreadsheets; and (4) more timely, clear, and consistent public-facing communications and policy/support documents. Indirectly, these improvements support ONCs mission to advance safe, interoperable health IT by improving the quality and timeliness of its certification, oversight, and communication activities.","AI-generated or AI-assisted outputs include: (1) draft analytical summaries and reports (e.g., surveillance reporting analysis, RWT results validation, SED categorization, data visualizations); (2) draft public-facing and stakeholder communications (e.g., webinar Q&As, plain-language explanations of regulatory or standards text, communication templates); (3) internal operational artifacts (e.g., CHPL backups, release notes, Jira responses and ticket summaries, Excel query results); and (4) first drafts of acquisition and planning documents (e.g., statements of work, market research, memoranda of need, acquisition plans). All outputs are reviewed, edited, and approved by ONC staff before use."
HHS,Clinical Trial Predictor,HHS/NIH,1,0,general_llm,,c)  Deployed  The use case is being actively authorized or utilized to support the functions or mission of an agency.,Generative AI,,,"Applications that propose clinical trials that are submitted to NOFOs that do not allow clinical trials cannot be funded, no matter how well they do in review, because they were not reviewed using all appropriate clinical trial criteria. This application allows NIH to identify clinical trial applications submitted to NOFOs that do not allow clinical trials so they can be withdrawn before being reviewed and potentially transferred to a NOFO that does allow clinical trials.","The AI tool predicts whether grant applications may involve clinical trials based on the text of their titles, abstracts, narratives, specific aims, and research strategies. It is very difficult to deal with misclassified CTs that make to review on a CT not allowed FOA: no matter how good the score is, the IC cannot fund them.  The CT prediction algorithm is used to help identify potential CTs on CT not allowed NOFOs, mainly the parent R01.","Input: IMPAC II application data, including titles, abstracts, narratives, specific aims, and research strategies. Output: Prediction of possible clinical trial submitted to a non-CT NOFO."
HHS,Document summarization,HHS/SAMHSA,1,0,classical_ml,,"d) Retired  The use case was reported in the agencys prior years inventory, but its development and/or use has since been discontinued.",,,,,,
HHS,Driving Efficiency and Expansion of Dietary Supplement Label Database Data through AI,HHS/NIH,1,0,general_llm,,a) Pre-deployment  The use case is in a development or acquisition status.,Generative AI,,,Enhance database QA and enhance database records acquisition rate,More rapid sourcing of dietary supplement label data and enhanced quality assurance of database records,Increased number of monthly sourced labels from the current rate of 1500/month and increased accuracy of database record data fields
HHS,Executive Order Gap Analysis Tool,HHS/CMS/OFM,1,0,general_llm,,a) Pre-deployment  The use case is in a development or acquisition status.,Generative AI,,,A specialized compliance and analysis solution that analyzes Executive Orders and program impact.,The solution assists the program in compliance and analysis. It systematically reviews new Executive Orders and compares them against existing business and technical requirements. It identifies gaps where current processes might need adjustments and supports compliance to ensure CMS operations align with federal mandates.,Provides recommendations and gap analysis.
HHS,Generating Metadata for Web Archive Resources,HHS/NIH,1,0,general_llm,,a) Pre-deployment  The use case is in a development or acquisition status.,Generative AI,,,Time-intensive process needed to generate accurate and descriptive metadata about web resources,"More consistent, reliable, accurate and publicly available information about resources",Draft metadata about archived web resources.
HHS,HIVE AI Pilot,HHS/FDA/CBER,1,0,general_llm,,b)  Pilot  The use case has been deployed in a limited test or pilot capacity.,Generative AI,HIVE,SAIC,"The AI is intended to assist in solving several problems related to the review process for INDs.  Specifically, it aims to address issues of inefficiency, delays in identifying deficiencies and information overload.  By providing recommendations for review disciplines, it helps reviewers to quickly identify potential review disciplines that are required.  By identifying grossly deficient submissions early on, it reduces the workload and highlighting key data helps reviewers to focus on higher-level tasks that require their expertise.","Overall, is designed to improve efficiency and effectiveness of the regulatory review process, allowing for quicker and well-informed decision making",The system's output include: 1. review discipline recommendations - automated suggestions for the most appropriate review disciplines for each incoming submission.  2. highlighted key data -  generates reports highlighting critical information to facilitate quicker understanding by RPMs and reviewers. 3. Summaries - reports summarizing large documents to potentially accelerate review.
HHS,HRSA Fact Sheets,HHS/HRSA,1,0,general_llm,,a) Pre-deployment  The use case is in a development or acquisition status.,Generative AI,,,Generate HRSAs Program Fact Sheets for public use and reduce the cycle time by eliminating manual review and validation process.,"Public can immediately find clear, authoritative facts about HRSA programs, funding, workforce, outcomes. Also Strengthens grant proposals, community outreach, and health planning based on accurate, timely information",Provides HRSA Facts Sheets that are validated and can also embed additional comments so that public can get to understand this data and information better
HHS,ITAC SOP Chat,HHS/NIH,1,0,general_llm,Aretec SEARCH,c)  Deployed  The use case is being actively authorized or utilized to support the functions or mission of an agency.,Generative AI,,,"The AI provides natural language searching of ITAC SOP, policy, and as-built documents allowing users to easily locate knowledge and easily view the document section that includes the knowledge.","The AI will increase operational efficiency by allowing ITAC users to more easily search and locate knowledge from SOP, policy, and As-Built documents.","The AI outputs natural language responses based on knowledge from ITAC SOP, policy, and As-Built documents. It also outputs citations with a built-in reader to allow users to view document sections where the knowledge was found."
HHS,Knowledge Management Solution,HHS/CMS/OFM,1,0,general_llm,Microsoft Teams,a) Pre-deployment  The use case is in a development or acquisition status.,Generative AI,,,This AI-driven system addresses a critical challenge in government operations - preserving institutional knowledge.,"Key benefits include knowledge preservation by capturing and maintaining complex expertise, and resource development that helps onboard new staff and upskill existing team members. Additionally, operational efficiency is enhanced by enabling teams to accomplish more with existing resources. Continuity is ensured by reducing knowledge loss when experienced staff transition.",Contextual answers and recommendations and reference documentation
HHS,Leveraging AI for the Creation of Synthetic Datasets,HHS/CDC,1,0,general_llm,,b)  Pilot  The use case has been deployed in a limited test or pilot capacity.,Generative AI,,N/A,"We aim to  generate synthetic datasets that will support training, testing, and software development improving the overall development process",The use of an AI-assisted programming environment can significantly reduce the time required to write code for generating synthetic datasets. This efficiency allows us to quickly create the necessary variables and establish the relationships between them. The synthetic data produced through this project will enhance the training experience and streamline the software development process.,The primary outputs from the AI system will include synthetic datasets specifically designed to simulate Healthcare-Associated Infection (HAI) data.
HHS,Medical records summarization,HHS/HRSA,1,0,general_llm,,a) Pre-deployment  The use case is in a development or acquisition status.,Generative AI,,,The AI will reduce the amount of time required to review and evaluate a claim.,The AI will take medical records number in the thousand and produce a summary document of key element to conduct a claims review.,"AI will facilitate the collection and preprocessing of unstructured data, and create a condensed (and indexed) document for AI to intelligently review the thousands of pages of medical/legal documents, as part of the claims review process."
HHS,Medicare AI Customer Insights,HHS/CMS/OC,1,0,general_llm,,b)  Pilot  The use case has been deployed in a limited test or pilot capacity.,Generative AI,Public Website Shared Services,commonFont and AWS,Improved customer insights,"Cost savings, improved efficiency and quality",Suggestion
HHS,Medicare AI Drug Search,HHS/CMS/OC,1,0,general_llm,Aretec SEARCH,b)  Pilot  The use case has been deployed in a limited test or pilot capacity.,Generative AI,Medicare Authenticated eXperience,Oddball and AWS,Improved customer experience,Improved access to government benefits,Suggestion
HHS,Packaging Materials and Suppliers,HHS/FDA/CDER,1,0,general_llm,,c)  Deployed  The use case is being actively authorized or utilized to support the functions or mission of an agency.,Generative AI,CDEROne Analytics: FISMA-high environment,Deloitte,"FDA needs to efficiently identify which Drug Master Files (DMFs) contain specific packaging materials and understand how these materials connect to drug applications, but this information is currently difficult to locate across numerous documents.",Objective of this use case is to extract data from unstructured sources to assist in building an inventory of drug packaging materials and their suppliers to support staff in conducting drug supply chain analysis for better regulatory oversight.,Support information extraction from unstructured documents
HHS,Protein Modeling with AlphaFold,HHS/NIH,1,0,general_llm,,c)  Deployed  The use case is being actively authorized or utilized to support the functions or mission of an agency.,Generative AI,,Google,Protein modeling,Enormous leap forward in speed and accuracy in predicting protein folds and complexes.,The output is a series of protein structure files and related confidence/quality scores and metrics for each structure file.
HHS,QPP Admin Bot,HHS/CMS/CCSQ,1,0,general_llm,,a) Pre-deployment  The use case is in a development or acquisition status.,Generative AI,,,This AI is to help with Code complexity.,"In general we expect to see a decrease to lines of code, increase efficiency of code, increase developer output and reduced story points for work which in turn produces cost savings.",Recommendation.
HHS,Real World Data/Evidence,HHS/FDA/CDER,1,0,general_llm,,c)  Deployed  The use case is being actively authorized or utilized to support the functions or mission of an agency.,Generative AI,CDEROne Analytics: FISMA-high environment,Deloitte,"FDA receives numerous submissions containing real-world data and evidence, but identifying and cataloging these studies across various submission types is time-intensive and critical for regulatory reporting requirements under PDUFA (Prescription Drug User Fee Act).",Assist in identifying industry unstructured submissions containing Real World Data/Evidence (RWD/E) by analyzing parsed content for likely indicators to support congressional reporting and regulatory decision-making.,Supports extracting text from unstructured documents and tagging for documents containing Real World Evidence and Real World Data
HHS,RefineAI - Enhanced Summary Statements,HHS/HRSA,1,0,general_llm,,a) Pre-deployment  The use case is in a development or acquisition status.,Generative AI,,,"DIR would benefit from an automated system that would correct or solve grammatical issues, redundant comments, and acronym expansion at the merging stage within ARM to increase efficiency in panels and devote more time to discussion with hopes of more useful feedback without the pressure of time constraints due to editing. At least ten percent of overall ORC panel time is devoted to editing in real time for grammatical and duplicative issues. On average, discussion of an application takes 60 minutes; if we save 6 minutes of editing time per application, we can lower hourly rates for contractor support and lower hourly rates for editing post panel. In addition, we can shift focus in panel to content-specific discussion promoting higher quality feedback.","The expected benefits of the automated solution are:
- Increasing efficiency during ORC panel discussions, ultimately leading to lower contractor support and ORC costs, by providing a merged summary statement that highlights duplicate comments, expands acronyms, and proposes grammatical fixes at the merging state to devote more time to content-specific feedback in panel discussions
- Increasing quality of feedback to applicants","The DIR staff works directly with business owners to set up Objective Review Committees (ORC). Currently, the logistics contractor pulls raw comments from the Application Review Module (ARM) submitted in ARM by the three primary reviewers. The raw comments are sent to reviewers and HRSA staff in the merged summary statement in advance of the ORC for awareness and to facilitate discussion in the ORC panel. However, the Summary Statement Operator (SSO) must correct grammar issues, spell out acronyms, and change to present tense in real time as well as remove duplicates. DIR would like an automated system that would correct or solve these issues at the merging stage to increase efficiency in panels and devote more time to discussion with hopes of more useful feedback without the pressure of time constraints due to editing."
HHS,"Renamed: Module 3 Facilities Extraction
Previously: Module 3 Faculties",HHS/FDA/CDER,1,0,general_llm,,c)  Deployed  The use case is being actively authorized or utilized to support the functions or mission of an agency.,Generative AI,CDEROne Analytics: FISMA-high environment,Deloitte,"FDA receives drug application submissions (ANDA, NDA, BLA) that contain important manufacturing facility information in Module 3 documents, but this data requires manual review to identify and organize all facility details.",Objective of this use case was to assist in identifying and extracting all drug manufacturing facilities reported within unstructured module 3 submissions from marketing applications to build a comprehensive inventory of drug facilities for better regulatory oversight.,Support information extraction from unstructured documents
HHS,RepoAnalysis,HHS/CDC,1,0,general_llm,Aretec SEARCH,b)  Pilot  The use case has been deployed in a limited test or pilot capacity.,Generative AI,EDAV (Enterprise Data Analytics and Visualization Platform),,We are trying to generate a summary of code repositories that are insufficiently documented.,This would allow people to search for code and reuse code that is not documented well enough for traditional search engines.,The output from the AI is a summary of what the code repository does based on source codes and/or README.
HHS,SRO Handbook Bot,HHS/NIH,1,0,general_llm,Aretec SEARCH,a) Pre-deployment  The use case is in a development or acquisition status.,Generative AI,,,"This tool answers Scientific Review Officer (SRO) questions by retrieving relevant information from the handbook, saving the user time looking for answers to their questions.","The system will help SROs perform policy and handbook searches based on policy numbers and related keywords, using semantic understanding to improve search accuracy.",Provides summarized search results.
HHS,Scholar Match,HHS/HRSA,1,0,general_llm,,a) Pre-deployment  The use case is in a development or acquisition status.,Generative AI,,,"The current candidate evaluations and placement process is complex and challenging for both analysts and participants. By enhancing this process with AI/ML support could optimize resource allocation and candidate satisfaction, significantly impacting workforce distribution and efficiency in critical health areas.",This would improve the process of matching NHSC and Nurse Corps Scholars going into clinical service in underserved communities.,"The Scholar Match (SM) leverages AI to enhance the placement process of NHSC and Nurse Corps scholars in communities of need across the U.S. and territories. By analyzing candidate profiles and regional needs, SM recommends optimal placements, ensuring both the fulfillment of organizational needs and the satisfaction of the candidates. Current planning leverages Machine Learning, Recommendation Systems, Cloud-based platforms and Data analytics services for the implementation."
HHS,Scientific summaries tool,HHS/NIH,1,0,general_llm,,a) Pre-deployment  The use case is in a development or acquisition status.,Generative AI,,,Enhancing scientific summary development for communicating scientific achievement.,Within NIAID DIR we have team that drafts justifications for personnel actions based on the research being performed. This tool will be created to help them quickly and effectively prepare justifications for personnel actions for investigators in specific research fields.,"Inputs: scientific publications, CV/Bib, BSC submissions and outcome memos, prior justifications, and, clinical protocols. Outputs: Scientific summary"
HHS,Site Application Analysis,HHS/HRSA,1,0,general_llm,,a) Pre-deployment  The use case is in a development or acquisition status.,Generative AI,,,"The current application review process requires internal analysis to review many complex documents to determine Site Eligibility to employ a member of the NHSC or Nurse Corps. By enhancing this process with AI/ML support could revolutionize and streamline the NHSC, Substance Use Disorder Treatment and Recovery (STAR)and Nurse Corps Site Application Process.","This would improve the current highly manual process for reviewing Site applications for internal analysts but ensure that clinical sites are being approved for NHSC, Nurse Corps, and STAR LRP.","The Site Application Analysis (SA) is designed to support the evaluation of NHSC, STAR and Nurse Corps Site Applications. SA will allow for faster more accurate review of Site Applications and allow BHW Regional Analysts to focus on a higher value task. Current planning leverages Cloud-based services, Machine Learning, Recommendation Systems, Natural Language Understanding (NLU) and Text Analysis for the implementation."
HHS,Smart Solution for Docket Management (SSDM),HHS/FDA/OC,1,0,general_llm,,b)  Pilot  The use case has been deployed in a limited test or pilot capacity.,Generative AI,AWS,Deloitte,"The AI is intended to solve the extremely labor-intensive and time consuming process of manually collating, de-duplicating, and categorizing public comments on FDA dockets.","1. Significant time and resource savings: The platform aims to save the Agency a substantial number of staff hours by assisting in reducing redundant and time-consuming tasks that can take weeks to complete manually. 2. Enhanced processing capacity: The platform will enable FDA to effectively handle large-scale comment volumes. 3. Improved accuracy and quality: The AI-powered deduplication, topic modeling, and keyword flagging can potentially enhance the overall quality of comment processing while reducing human error in manual sorting.","The AI-enabled tool provides two main outputs: 1) a line listing excel file that organizes comments into groups based on similarity/deduplication thresholds and tags them with AI-identified and SME-approved keywords and topics; and 2) a comment summary word report that provides structured analysis of themes, key performance indicators, and submitter group breakdowns to assist in regulatory decision-making."
HHS,Targeted Technical Assistance,HHS/HRSA,1,0,general_llm,,a) Pre-deployment  The use case is in a development or acquisition status.,Generative AI,,,AI will help identify the health centers/ geographic areas that will benefit the most from targeted technical assistance on clinical topics for improving quality metrics,This will lead to better quality of care and improve health outcomes for patients. At the same time this will reduce costs and staff burnout and increase patient satisfaction with their care,"Outputs will be: 
1. List of health centers requiring TA on specific clinical topics (in alignment with MAHA)
2. More focused ROI by implementing the specific TA identified through the process"
HHS,Using Llama to summarize PubMed Central (PMC) full text articles that contain information on protein function,HHS/NIH,1,0,nlp_specific,,b)  Pilot  The use case has been deployed in a limited test or pilot capacity.,Natural Language Processing (NLP),,,Inefficient and manual process to assign accurate function to proteins and protein models,This will increase efficiency of curators work in providing up-to-date functional annotation for prokaryotic protein family models for use in the annotation pipeline and in adding this to RefSeq proteins.,Article summaries
HUD,"Automated Draft Narrative Reports

Previously ""Automating Draft Counterparty Credit Narrative Reports""; have since expanded to general enterprise use.",Ginnie Mae,1,0,nlp_specific,,c)  Deployed – The use case is being actively authorized or utilized to support the functions or mission of an agency.,Natural Language Processing (NLP),Ginnie Mae Reporting and Feedback System (RFS),"Deloitte Consulting, LLC",Ginnie Mae uses Natural Language Generation (NLG) to implement coded rules and generate draft narratives/memos. This application of AI enables processing efficiency and reduces errors that can occur in a manual process.,"The AI solution ensures greater accuracy in reporting, time savings, and eliminates manual steps that are prone to error.",Draft memos/reports
HUD,CAISY - Workforce Training Conversation Simulator,Office of the Chief Human Capital Officer,1,0,general_llm,,c)  Deployed – The use case is being actively authorized or utilized to support the functions or mission of an agency.,Generative AI,Skillsoft,Skillsoft Percipio,"CAISY is designed to solve the challenge of helping employees practice and improve difficult workplace conversations in a safe, realistic environment.","CAISY helps employees practice and receive real-time feedback on workplace conversations.  It offers several real-world scenarios, allowing users to practice skills like resolving customer concerns, sharing constructive feedback, and leading difficult conversations, within a safe learning environment.","Conversational responses generated by an LLM (Azure OpenAI) tailored to the scenario.

Coaching feedback on AI Simulation scenarios

Scenario-specific guidance

Learner performance rating (non-PII, abstract user ID)."
NARA,A1 Museum AI Project,National Archives & Records Administration (NARA),1,0,general_llm,,c)  Deployed – The use case is being actively authorized or utilized to support the functions or mission of an agency.,Generative AI,Exhibit Personalization System (EPS),Cortina,The AI is intended to solve the problem of limited document discoverability and intensive manual labor by using automated tagging to personalize the visitor experience and make millions of digital records instantly accessible.,"NARA will use AI generated tags and topics to recommend and make records available to visitors from a pool of approximately 2 million digital records, freeing up staff time and enhancing and personalizing the user experience for A1 museum visitors.",This AI use provides enhanced visitor access to NARA records through an easy-to-use interface that identifies NARA records based on visitor responses to a chatbot conversation.
NARA,AI Pilot Project to Screen and Flag for Personally Identifiable Information (PII) in Digitized Archival Records,National Archives & Records Administration (NARA),1,0,general_llm,,b)  Pilot – The use case has been deployed in a limited test or pilot capacity.,Generative AI,N/A,N/A,The AI is intended to solve the problem of manual processing bottlenecks and privacy risks by automating the identification and redaction of sensitive personal information within massive digitized collections to ensure safe and rapid public access.,"NARA is using AI to automatically find and remove sensitive personal information from its digitized historical records. This will make the process faster, more accurate, and better protect privacy while allowing for greater public access to these records. The AI will also help NARA manage its vast collection and adapt to future privacy needs.","This AI use case will produce redacted records, a prioritized list for redaction, and a tool for staff to redact unpublished records."
NARA,Auto-fill of Descriptive Metadata for Archival Descriptions,National Archives & Records Administration (NARA),1,0,general_llm,,a) Pre-deployment – The use case is in a development or acquisition status.,Generative AI,N/A,N/A,"The AI is intended to solve the problem of the ""descriptive gap"" created by labor-intensive manual cataloging by automatically generating metadata and summaries from document content, allowing NARA to process massive backlogs and make millions of records instantly searchable for the public.","NARA is using AI to automatically create descriptions (metadata) for its digital archives. This will save archivists time, make records easier to find, and help the public better understand the information in the National Archives Catalog.","This AI use case will create more complete and informative descriptions for records, making them easier to find in the National Archives Catalog."
NARA,Automated Data Discovery and Classification Pilot,National Archives & Records Administration (NARA),1,0,general_llm,,a) Pre-deployment – The use case is in a development or acquisition status.,Generative AI,N/A,N/A,"The AI is intended to solve the problem of inefficient manual data governance and risk assessment by testing automated data classification techniques to organize unstructured datasets, accelerate information discovery, and more accurately identify potential security or privacy vulnerabilities.","NARA plans to test how well AI can automatically organize and categorize its data. This pilot project will help NARA understand its data better, find information faster, improve efficiency, and manage risks more effectively.","This AI pilot will categorize data, improve search, and potentially train AI to identify new document types."
NARA,Topic Summarizer and Entity Extraction using AI,National Archives & Records Administration (NARA),1,0,general_llm,,a) Pre-deployment – The use case is in a development or acquisition status.,Generative AI,N/A,N/A,"The AI is intended to solve the problem of unsearchable digital collections caused by massive descriptive backlogs, automating the creation of metadata for billions of digital objects to ensure they are immediately discoverable and understandable for the public without years of manual archival processing.",NARA plans to use AI to automatically create descriptions for its digital objects. This will free up archivists' time and make it easier for people to find and understand the digital materials in NARA's system.,This AI use case will output enriched metadata making NARA's digital assets more accessible and easier to manage.
NASA,AI-Assisted Analysis Across the IV&V and Software Assurance Lifecycle,OSMA: Office of the Chief Safety & Mission Assurance,1,0,general_llm,,a) Pre-deployment – The use case is in a development or acquisition status.,Generative AI,,,"Leverage opportunities to automate overly manual analysis tasks, with a goal of amplifying productiivity and efficiency, allowing employees to free up their time for more complex tasks.","Reduce false positives in static analysis, trace design to code, identify issues, generate comments, requirements/design traceability, gap detection, change impact analysis, completeness/correctness checks, Generate edge/off-nominal test cases, identify missing tests, assess requirement flow-down..","Insights into potential software defects and anomolies, impacts of vulnerabilities on flight assets, better understanding of software complexities and risks to focus IV&V and software assurance services."
NASA,ATLAS,GISS: Goddard Institute for Space Studies,1,0,general_llm,,a) Pre-deployment – The use case is in a development or acquisition status.,Generative AI,,,"Atlas is a RAG-based solution for answering questions about NASA standards, directives, and Space Act Agreements. It uses publicly available NASA standards, directives and Space Ac Agreements. Users ask questions to Atlas which then fines relevant excerpts from the corpus of NASA public data in order to provide answers.",The framework developed for this may be applied to other high interest data sets.,"answering questions about NASA standards, directives, and Space Act Agreements"
NASA,Background matrix Generation with Stable Diffusion,GSFC: Goddard Space Flight Center,1,0,general_llm,,a) Pre-deployment – The use case is in a development or acquisition status.,Generative AI,,,Background matrix Generation with Stable Diffusion,Background matrix Generation with Stable Diffusion,Predictions
NASA,Cloud avoidance for Atmospheric Retrieval Missions,JPL: Jet Propulsion Laboratory,1,0,general_llm,,a) Pre-deployment – The use case is in a development or acquisition status.,Generative AI,,,Methods for atmospheric retrieval of earth science data.,Improved science results.,Methods for atmospheric retrieval of earth science data.
NASA,Data Augmentation Pipeline for Zero-Shot Sim-to-Real Transfer in Vision-Based Robot Navigation,ARC: Ames Research Center,1,0,general_llm,,a) Pre-deployment – The use case is in a development or acquisition status.,Generative AI,,,"We developed a data augmentation pipeline to enhance the training of vision-based navigation models for robotics, addressing the challenges of limited real-world data.","By combining foundation model-based segmentation with CycleGAN for sim-to-real style transfer, our approach generates realistic, labeled images from synthetic data, enabling models to better generalize to real-world environments. This innovative capability enhances vision-based navigation tasks, such as vehicle pose estimation and road segmentation, significantly closing the sim-to-real gap in robotic perception applications.","realistic, labeled images from synthetic data"
NASA,Decision Theoretic Planning,JPL: Jet Propulsion Laboratory,1,0,general_llm,,a) Pre-deployment – The use case is in a development or acquisition status.,Generative AI,,,Algorithms to plan and optimize different outcomes,Increase autonomy and efficiency.,Algorithms to plan and optimize different outcomes
NASA,Diffusion Modeling of the Solar Corona,GSFC: Goddard Space Flight Center,1,0,general_llm,,a) Pre-deployment – The use case is in a development or acquisition status.,Generative AI,,,"Diffusion models such as DeepMind’s GenCast have demonstrated powerful performance in terrestrial weather forecasting, achieving results on-par and surpassing leading medium-range numerical weather simulations. We present our initial results to train a Denoising Diffusion Probabilistic Model (DDPM) of the solar corona, aimed as a first step at generating synthetic solar magnetic fields based on conditioning inputs. Conditioning inputs include multi-spectral imagery, magnetograms, and other measurements commonly used to frame coronal inverse problems.

Our initial experiment targets the generation of synthetic global magnetic field configurations of the solar coronal basedon conditioning with the solar cycle phase. The model is trained on 10 years of WSA potential field source surface(PFSS) model runs, augmented with 15° to 345° azimuthal rotations to increase data diversity. Training is conducted inthe spherical harmonics domain, leveraging concepts from Fourier Neural Operators (FNOs) and Spherical Fourier Neural Operators (SFNOs). A physics-informed loss function, built on a differentiable spherical harmonic expansion, isused to maximize generation of realistic 3D magnetic potentials.",First step towards probabilistic modeling of the solar corona,3D Magnetic Field Structures in the Solar Corona
NASA,"Dynamic, Intelligent, Tomographic Imaging",JPL: Jet Propulsion Laboratory,1,0,general_llm,,a) Pre-deployment – The use case is in a development or acquisition status.,Generative AI,,,Methods for analyzing 3D imaging data,Improved methods for data understanding.,Methods for analyzing 3D imaging data
NASA,Giovanni GPT,GSFC: Goddard Space Flight Center,1,0,general_llm,,a) Pre-deployment – The use case is in a development or acquisition status.,Generative AI,,,Giovanni GPT,Giovanni GPT,Predictions
NASA,Instantaneous Clarity of Ambient eNvironment Capability (ICAN-C),MSFC: Marshall Space Flight Center,1,0,general_llm,,b)  Pilot – The use case has been deployed in a limited test or pilot capacity.,Generative AI,NA - local machine,,To determine the applicability of using AI/ML to correct obscured vision. Landing systems where sedement is blown around and/or dusty environments are the primary application.,Improving safety in instances of obscurred vision,Output is clearer image
NASA,JSC NC PRA Cut Set Tool,JSC: Johnson Space Center,1,0,general_llm,,a) Pre-deployment – The use case is in a development or acquisition status.,Generative AI,,,Probabilistic Risk Assessment (PRA) identifies minimal cut sets - smallest combination of simultaneous failures to cause a system or mission failure.,Probabilistic Risk Assessment (PRA) identifies minimal cut sets - smallest combination of simultaneous failures to cause a system or mission failure.,Probabilistic Risk Assessment (PRA) identifies minimal cut sets - smallest combination of simultaneous failures to cause a system or mission failure.
NASA,OCFO External Performance Reporting,HQ: Headquarters,1,0,general_llm,,a) Pre-deployment – The use case is in a development or acquisition status.,Generative AI,,,Gen AI uses performance data provided by MDs to write a draft summary performance report,Gen AI uses performance data provided by MDs to write a draft summary performance report,Written Summary of MD-provided performance data in a formal report style
NASA,OCFO President Budget Request RAG,HQ: Headquarters,1,0,general_llm,,a) Pre-deployment – The use case is in a development or acquisition status.,Generative AI,,,A retrieval augmented generation tool that can answer questions based on president's budget requests,A retrieval augmented generation tool that can answer questions based on president's budget requests,answers
NASA,PIX4DCloud,GSFC: Goddard Space Flight Center,1,0,general_llm,,a) Pre-deployment – The use case is in a development or acquisition status.,Generative AI,,,Geostationary spectrometer based foundation model (ABI-FM) and evaluation on benefits for 3D cloud and convection related downstream tasks,A new all-sky EO-FM model. A thorough evaluation for downstream task benefits. A suite of 3D cloud prediction model from spetrometers.,gap filling; prediction
NASA,Reconstruction of cloud vertical structure,GSFC: Goddard Space Flight Center,1,0,general_llm,,a) Pre-deployment – The use case is in a development or acquisition status.,Generative AI,,,"This work explores the feasibility of solving atmospheric remote sensing problems with machine learning using conditional generative adversarial networks (CGANs), implemented using convolutional neural networks. We apply the CGAN to generating two-dimensional cloud vertical structures that would be observed by the CloudSat satellite-based radar, using only the collocated Moderate-Resolution Imaging Spectrometer measurements as input.",Reconstruction of cloud vertical structure,Predictions
NASA,Space Precision Health Foundation Model,ARC: Ames Research Center,1,0,general_llm,,a) Pre-deployment – The use case is in a development or acquisition status.,Generative AI,,,This project aims to leverage data available within the NASA Open Science Data Repository to train a model or set of models that can predict patterns related space health outcomes.,These models developed will enable the scientific community to better understand how biological systems respond to spaceflight stressors and inform mission planners.,"This system will be able to generate predictions related to space precision health. For example, it could predict possible drug targets or cellular states."
NASA,TxP: Federated Data Discovery and Content Creation (FDDCC) KDP-Formulation (ITMX),JSC: Johnson Space Center,1,0,general_llm,Aretec SEARCH,a) Pre-deployment – The use case is in a development or acquisition status.,Generative AI,,,"The FDDCC project is guided by a set of core objectives aimed at transforming how data is accessed, managed, and utilized across the agency. These objectives focus on enhancing data discoverability, ensuring secure access, improving system scalability, and fostering a user-centered experience.","NASA has amassed a significant trove of data that holds the potential to drive advancements across numerous domains. However, the organization faces significant challenges in harnessing this potential. Much of its valuable data remains trapped within isolated legacy systems, creating silos that hinder efficient access and use. This segmentation is further complicated by the dual locations of these systems – both in the cloud and on-premises – with each presenting its unique set of access challenges due to firewalls, security control boundaries and other barriers. Numerous distributed systems within NASA provide localized search functions for their specific datasets. These capabilities, which cater to both structured and unstructured data, highlight the latent potential and need for a comprehensive approach that can unify and streamline data and information access across the entire organization. By developing a unified search interface, implementing robust identity and access management, creating a comprehensive data catalog, and building a scalable infrastructure, the FDDCC project seeks to empower users to efficiently find, access, and manage data. Additionally, the project emphasizes user satisfaction through continuous feedback and iterative improvements, ensuring that the platform meets the evolving needs of the agency.",a unified search interface
NRC,"Unified, secure access to multiple advanced AI language models",NRC,1,0,general_llm,,a) Pre-deployment  The use case is in a development or acquisition status.,Generative AI,USAi,GSA,"The NRC faces challenges accessing, integrating, and securely managing multiple advanced AI models from different providers. This creates inefficiencies, increases costs, and complicates compliance with federal security standards. The service addresses these problems by providing a single, secure platform for accessing, evaluating, and managing leading AI models, streamlining adoption while ensuring compliance and operational efficiency.","The service enables NRC staff to securely access top AI models, improving research, analysis, and decision-making efficiency. This accelerates regulatory reviews, enhances data-driven insights, reduces costs, and strengthens NRCs ability to protect public health and safety through more effective oversight and communication with stakeholders.","The system outputs include natural language responses, document summaries, data analyses, and semantic embeddings generated by leading AI models."
SBA,AI-Powered Search and Recovery,OCIO: Office of the Chief Information Officer,1,0,general_llm,Aretec SEARCH,Pre-deployment – The use case is in a development or acquisition status.,Generative AI,Cohesity Data Cloud (FedRAMP Moderate Authorized),"Cohesity, Inc.","During cloud migration (AWS EVS) and disaster recovery operations, locating specific data across backup snapshots, identifying clean recovery points, and performing forensic analysis of backup data requires significant manual effort and specialized knowledge of backup infrastructure.","AI-powered conversational search across enterprise backup data enables faster data discovery during recovery operations, reduces time-to-recovery during cyber incidents, and supports forensic investigation by allowing natural language queries against unstructured backup data. SaaS deployment model reduces operational overhead for backup infrastructure management during AWS EVS migration.","AI assistant providing natural language search, classification, and summarization across Cohesity Data Cloud backup data. Includes: (1) Conversational search — natural language queries against unstructured data in backup snapshots, (2) AI-powered threat detection — continuous anomaly scanning of backup data for ransomware indicators and insider threats, (3) Recovery intelligence — intelligent recovery point recommendations with blast radius analysis. Input: natural language queries, backup data snapshots, threat intelligence feeds. Output: search results with citations, anomaly alerts, recovery recommendations, data classification reports. All recovery actions require human authorization."
SBA,Meeting Minutes Summary Tool,OFO: Office of Field Operations,1,0,general_llm,Microsoft Teams,Pre-deployment – The use case is in a development or acquisition status.,Generative AI,MS-Teams,Microsoft,Manually creating meeting minutes and summaries is time-consuming and may result in inconsistent documentation of key discussion points and action items.,"Automated meeting summaries save staff time, ensure consistent documentation, and allow participants to focus on discussion rather than note-taking. Improves knowledge retention and follow-up on action items.",Today we hosted a Teams meeting with partners and stakeholders and one of them added Read Assistant to the meeting. We did receive an email after the fact providing the meeting summary if we had a Read Assistant account.
SEC,AI Chart Generation,"Division of Economic and Risk Assessment (DERA), Office of the Chief Data Officer (OCDO)",1,0,general_llm,,a) Pre-deployment  The use case is in a development or acquisition status.,Generative AI,,,Our solution uses AI to generate chart code to automatically render interactive data visualizations for various chart types.,This will give Staff new data visualization capabilities as well as save Staff time by not having to research how to create various chart types and features.  This could also enhance the quality of SEC published reports and data visualization content on sec.gov.,Output primarily consists of chart related json objects formatted according to the Highcharts.js API
SEC,Augmenting cyber threat alerts on the ACES platform with ACES's specific information.,Office of Information Technology (OIT),1,0,general_llm,,b)  Pilot  The use case has been deployed in a limited test or pilot capacity.,Generative AI,ACES,,The current Cyberthreat alerts on the ACES platform are difficult to understand and we often see false positives relative to new use cases.,"The current Cyberthreat alerts on the ACES platform are difficult to understand and we often see false positives relative to new use cases. 

We would like to run the alerts through a RAG-enabled AI model to:
 Add SEC specific guidance and context to the emails based on a curated knowledge base.
 Provide more guidance on how to respond to the alert.
 Make the notification email easier to read and understand.",The AI system will output the cyberthreat alert along with information on the context of the threat in the SEC environment.  It will summarize the information and provide suggested guidance in a more readable format.
SEC,Create description of documents for records management in sharepoint,Office of the Chief Operating Officer (OCOO),1,0,general_llm,,a) Pre-deployment  The use case is in a development or acquisition status.,Generative AI,,,Creating descriptions and other record keeping metadata on documents.,Reduce the amount of time manually writing descriptions of documents.,The AI system creates metadata for documents stored in SharePoint.
SEC,Creating AI generated images,"Division of Enforcement (ENF), Division of Economic and Risk Assessment (DERA)",1,0,general_llm,Aretec SEARCH,c)  Deployed  The use case is being actively authorized or utilized to support the functions or mission of an agency.,Generative AI,SEARCH,Elder Research,Facilitate the use of models for AI generated image creation,"Cost savings, efficient use of time for creating stock images for presentations, keeping up with state-of-the-art technologies.",Image response is in direct response to users individual request.
SEC,Public Website Search,Division of Examinations (EXAMS),1,0,general_llm,Aretec SEARCH,a) Pre-deployment  The use case is in a development or acquisition status.,Generative AI,,,This application summarizes a public website and allows staff to ask natural language questions about the contents of the website.,This application will streamline analysis of public websites which will improve efficiency and risk analysis during examinations.,This application provides summarizations and responses to questions based on the contents of a public website.
SEC,Rule and Comment Organization and Summarization,"Division of Trading and Markets (TM), Office of the Chief Data Officer (OCDO), Division of Economic and Risk Assessment (DERA), Division of Investment Management (IM), Division of Corporation Finance (CF)",1,0,general_llm,,a) Pre-deployment  The use case is in a development or acquisition status.,Generative AI,,,"Downloading, navigating, searching, and understanding comments and rule filings can be slow and burdensome using existing tools.","The tool aims to ease these burdens of downloading, navigating, searching, and understanding comments and rule filing. In particular, AI is used to summarize individual comments, rule proposals, and overall subject matters to promote the understanding of vast quantities of unstructured data, i.e. text.",The tool generates summaries and summaries of summaries using LLMs.
SEC,Semantic Layer Natural Language Query,"Division of Economic and Risk Assessment (DERA), Office of the Chief Data Officer (OCDO)",1,0,general_llm,unspecified,a) Pre-deployment  The use case is in a development or acquisition status.,Generative AI,,,This use case prepares data for use by AI and then enables users to query data with AI without having to write code.,Make agency enterprise data more accessible to business users for mission purposes.  The analytical power of insights drawn from enterprise data will be enhanced by AI.,"The system outputs data, SQL code, and narrative about how the data and code was generated. It also provides metadata including data dictionary, table descriptions, entity-relationship diagrams, and more."
SEC,Streamlining initial research,"Division of Enforcement (ENF), Division of Examinations (EXAMS)",1,0,general_llm,,a) Pre-deployment  The use case is in a development or acquisition status.,Generative AI,,,"Initial research steps in examinations and enforcement matters requires marshalling many different data sets, for which AI can improve efficiency.","Expected benefits may include improving efficiency by automating previously manual steps, improving risk identification, and optimizing use of resources.","This tool will search, retrieve, organize and summarize information across multiple systems."
SEC,Use natural language to query crypto market data and create on demand visualizations with prepopulated thresholds,Office of the Chief Data Officer (OCDO),1,0,general_llm,,a) Pre-deployment  The use case is in a development or acquisition status.,Generative AI,,,The AI simplifies the process of creating data visualization for crypto market data.,Simplifying crypto market data pulls and visualizations will help streamline the agency's review of crypto-related products.,Crypto market data visualizations which are used as part of a comprehensive review of crypto-related products.
SSA,AI Comment Analysis,Chief Information Officer,1,0,general_llm,,b)  Pilot  The use case has been deployed in a limited test or pilot capacity.,Generative AI,,,"The AI comment analysis system supports the decision-making of SSA public comment reviewing staff by making preliminary designations as to whether a given public comment (or select attachment content) contains any of a set of predefined types of flagged content, such as personally identifiable information (PII), offensive content, and other staff-defined categories. The process of reviewing public contents, which can sometimes volumes in the hundreds of thousands, is slow and resource intensive for the agency.  The AI system helps streamline the process by directing staff attention to areas of potential interest.",Improved efficiency of public comment review compared to purely manual methods.  Potential improvements to the consistency and quality of comment review decision-making by introducing a consistent preliminary screen to support decision-making.,"The system outputs a spreadsheet containing a catalog of comment content reviewed, designations as to whether the AI model concluded each targeted form of content was or was not present. If deemed present, it provides quotations of specific comment content that informed its decision."
SSA,Data Governance Product (DGP) -  Data cataloging and predictive analysis of data assets.,Chief Information Officer,1,0,general_llm,,c)  Deployed  The use case is being actively authorized or utilized to support the functions or mission of an agency.,Generative AI,Enterprise Data Catalog,Informatica,"Vendor built in AI engine for data cataloging to automates the discovery, classification, and curation of data assets. And also provides predictive insights for data asset analytics. Uses Natural Language Processing (NLP) enables non-technical stakeholders to contribute to rule creation and facilitates the conversion of plain text into regular expression.",1. Reduced manual effort in assigning Business Terms to data assets in the Technical data catalog. 2. Reduced effort and time through generation of data quality rule code.,Efficient data catalog search results. Plain English conversation with the users to create technical regular expression rule creation
SSA,Training Interaction Simulator,Human Resources,1,0,general_llm,,c)  Deployed  The use case is being actively authorized or utilized to support the functions or mission of an agency.,Generative AI,Percipio,Skillsoft/Percipio,Employees do not have an avenue to practice interactions with a variety of clients/coworkers with a range of attitudes.,Users gain practice with simulated conversations and receive constructive feedback on their responses.,Responses to situational conversations and coaching on user interactions
State,AI Accelerator,DT,1,0,general_llm,,a) Pre-deployment  The use case is in a development or acquisition status.,Generative AI,,,"The need to quickly discover answers to common questions about using AI at the Department, locate tools and services, and get help with new AI needs - including guidance and requirements, available tools and solutions, and related processes.","Enhanced user experience to accelerate AI use at the Department, operational efficiencies to free up time for more complex tasks, and scalability to quickly incorporate new knowledge and related tasks.","Textual responses, links to resources, and links to forms to submit information for follow-on action."
State,AI Programmatic Insights,CA,1,0,general_llm,,c) Deployed  The use case is being actively authorized or utilized to support the functions or mission of an agency.,Generative AI,N/A,N/A,"Regional Directors (RD) have to analyze current passport trends and data to determine overall performance and resource requirements to enable successful alignment to overall performance targets; however, the raw data requires analysis and doesn't currently allow for easy input to evaluate different scenarios, which results in RDs having to respond to passport performance with limited information.","An AI-driven solution that empowers Regional Directors to forecast programmatic trends, anticipate demand cycles, and respond effectively to external factors. This solution empowers Regional Directors with data-driven insights to anticipate demand, optimize resources, and proactively address challenges impacting passport agencies.","Monthly snapshots, overview of historical trends, agency-level overview analysis, and agency specific highlights."
State,AI Research Engine (AIRE),DT,1,0,general_llm,,c) Deployed  The use case is being actively authorized or utilized to support the functions or mission of an agency.,Generative AI,Data.State-SBU,Deloitte,"The need to improve the quality of reporting from the continuously growing sources of information through the categorization, summarization, and translation of information. Includes formerly titled use case ""J Reports Data Collection & Management Tool (DCT).""","AI enables the quick categorization, summarization, and translation of data to make it easily accessible for quicker drafting of higher quality reports, resulting in staff time savings, reduced redundant workload, and better information to support the mission. Significant reduction in time and costs required to create higher quality reports.","Summarized information, translated documents, and sorted data."
State,Creating Persistent Virtual Reality Personas for Dynamic Training,NFATC,1,0,general_llm,,a) Pre-deployment  The use case is in a development or acquisition status.,Generative AI,,,"There is a need to improve effectiveness of immersive training in the future. The team develops a dynamic integration between multiple AI tools to create stored/persistent ""personas"" that can be interacted with during training-related virtual reality (VR) exercises.",Natural conversation-based simulations and more effective training scenarios.,Persistent Personas; Speech-to-text API; Language Translation
State,Digital Media Analytics Platform,GPA,1,0,general_llm,,c) Deployed  The use case is being actively authorized or utilized to support the functions or mission of an agency.,Generative AI,NorthStar,N/A,Using open-source neural machine translation models to translate global media articles and Department and public foreign social media posts into English.,The use case reduces labor in producing media summary reports.,Summaries of large volumes of foreign language news and online posts to help teams identify and understand trends in a more efficient manner.
State,Office of the Historian (OH) Historical Analysis for Negotiations,NFATC,1,0,general_llm,,b) Pilot  The use case has been deployed in a limited test or pilot capacity.,Generative AI,N/A,N/A,The need for historical information in real time to assist with analysis by the Office of the Historian (OH) and decision making.,Negotiators save time and achieve information advantage related to historical country relationships.,Succinct 1-page overviews of research for US negotiators and their assistants.
State,StateInsight,CGFS,1,0,nlp_specific,,a) Pre-deployment  The use case is in a development or acquisition status.,Natural Language Processing (NLP),,,The need to summarize documents to produce a description of procurement awards and to allow authorized users to ask questions of the documents.,"Time and cost savings through efficiency, improved contract management for better outcomes, and more continuity of contractor services.",Summary of documents to produce a description of procurement awards and responses to questions asked about the documents.
State,WHA/EX Information Management,WHA,1,0,general_llm,,c) Deployed  The use case is being actively authorized or utilized to support the functions or mission of an agency.,Generative AI,DOS-O365,Microsoft,"Knowledge Management for administrative and IT related processes. Formerly known as ""Low Earth Orbit (LEO)  Budget Office Inquiries"" to answer questions frequently asked about budget.",Cost savings and reduced customer wait times.,Generative AI or logic-based responses with answers to administrative/IT related FAQs.
Treasury,AI Voiceover Generation for eLearning Development,Internal Revenue Service (IRS),1,0,general_llm,,Deployed - The use case is being actively authorized or utilized to support the functions or mission of an agency.,Generative AI,N/A,N/A,Voiceover generation for training courses. With return-to-office mandates in place we are unable to record narration voiceovers for training courses as we have historically done using live employees and microphone recording kits.,"Increased quality, a more diverse selection of voices, much more rapid voiceover generation and revision, increased development efficiency.","Narration scripts are entered into the web-based interface, which outputs .wav audio files for import to our eLearning authoring applications. Scripts are free from Personally Identifiable Information/Federal Taxpayer Information (PII/FTI) and adhere to standard training development protocol (fictitious names and addresses, etc.)."
Treasury,AI-Augmented Software Modernization and Insight,Internal Revenue Service (IRS),1,0,general_llm,unspecified,Pilot - The use case has been deployed in a limited test or pilot capacity.,Generative AI,N/A,N/A,"The IRS maintains a large portfolio of complex Java/Spring Boot applications that accumulate technical debt, dependency conflicts, and inconsistent coding practices. Manually identifying outdated libraries, researching upgrade paths, and resolving build failures consumes significant engineering time and slows modernization efforts. AI is intended to reduce this burden by automating research, detecting vulnerabilities, and proposing secure, standards-compliant code improvements.","For the IRS mission: Faster modernization of taxpayer-facing systems, improved system reliability, and reduced risk from outdated or insecure software components. For the public: More resilient digital services, reduced downtime, and faster delivery of secure taxpayer tools and features. For IRS engineers: Less time spent on repetitive research, freeing focus for high-value mission logic and innovation.","Prioritized lists of technical debt items (e.g., outdated dependencies, deprecated APIs, security vulnerabilities). Suggested code refactorings and dependency upgrades. Generated draft documentation, test cases, and migration strategies. Analytical reports highlighting cross-repository trends in build failures and performance issues."
Treasury,AI-assisted Procurement POC,Bureau of the Fiscal Service (BFS),1,0,general_llm,Unison PRISM,Pilot - The use case has been deployed in a limited test or pilot capacity.,Generative AI,N/A,N/A,"Contextual Research (Exploring policies, regulations, trends, and strategic topics). Knowledge Retrieval (Locating known information and presenting or analyzing the information).",Gathering data for a Prism project.  Expected outcomes is to verify the AI Tool is a useful aid in helping Procurement employees enhance identifying adding the correct FAR clauses needed for a procurement action.,AI assisted search results from documents and other data
Treasury,Employee Task Organization,Office of the Comptroller of the Currency (OCC),1,0,general_llm,Microsoft Teams,Pre-Deployment - The use case is in a development or acquisition status.,Generative AI,N/A,N/A,"Assigning employees to tasks requires balancing multiple factors such as availability, workload, skill sets, and operational constraints. This process is often manual, time-consuming, and prone to inefficiencies, especially when coordinating across teams or during periods of high activity. The AI is intended to streamline workforce allocation by evaluating these constraints and recommending optimal task assignments, reducing administrative burden on managers.","The AI improves operational efficiency by helping managers make faster, more consistent assignment decisions that align resources with priorities. This supports the agency’s mission by ensuring that work is distributed effectively, reducing bottlenecks, and enabling staff to focus on higher-value activities. Ultimately, the public benefits from more responsive and timely execution of supervisory and regulatory responsibilities.","The AI will generate recommended task assignments for employees based on defined parameters such as availability, workload, required skills, and organizational constraints. Outputs may include suggested staffing plans, workload distribution summaries, and alerts when constraints or conflicts arise. These recommendations serve as decision-support tools for managers, who retain full authority over final assignment decisions."
Treasury,Forms Conversion,Internal Revenue Service (IRS),1,0,general_llm,,Pre-Deployment - The use case is in a development or acquisition status.,Generative AI,N/A,N/A,The AFCS tool assists the team with working a higher volume of form conversion than we can sustain manually due to the loss of staff due to Deferred Resignation Program (DRP) and retirements.,The AFCS tool saves significant time in the authoring process by providing an initial draft version of the form.,The AFCS tool provides an initial form version along with the schema for the form.
Treasury,Framework Analysis,Office of the Comptroller of the Currency (OCC),1,0,general_llm,Microsoft Teams,Pre-Deployment - The use case is in a development or acquisition status.,Generative AI,N/A,N/A,"Feedback on NPR's can be extensive and highly technical, making it challenging for staff to quickly absorb the main points raised by commenters. The AI helps by reviewing this feedback and organizing it into clear themes and insights, reducing the time needed to work through large volumes of material.","By giving teams a faster understanding of the issues and concerns raised in comment letters, the AI supports more informed supervisory and policy discussions. This leads to better-quality analysis and decision-making related to capital rules, ultimately contributing to a stronger, more resilient banking system that benefits the public.","The system produces organized summaries of comment feedback, highlighting recurring themes, areas of disagreement, emerging concerns, and key technical points. These outputs make it easier for staff to see what commenters are focusing on and how viewpoints differ across the industry."
Treasury,Handbook Highlights,Office of the Comptroller of the Currency (OCC),1,0,general_llm,,Pre-Deployment - The use case is in a development or acquisition status.,Generative AI,N/A,N/A,"The Comptroller’s Handbook contains extensive, detailed guidance that examiners must review and interpret to support supervisory activities. Manually navigating and summarizing this material is time-consuming and can delay exam preparation or issue analysis. The AI is intended to streamline this process by quickly summarizing relevant sections of the handbook, enabling staff to more efficiently access key concepts, expectations, and procedural guidance.","The AI improves examiner efficiency by reducing time spent reading and synthesizing lengthy handbook materials, allowing staff to focus on deeper analysis and supervisory judgment. This supports the agency’s mission by promoting more consistent application of asset quality standards and strengthening the timeliness and effectiveness of examinations. The public benefits indirectly through stronger, more consistent oversight of asset quality risks and improved safety and soundness of financial institutions.","The AI will generate concise summaries of selected Handbook sections, highlighting major concepts, supervisory expectations, risk factors, and procedural steps. Outputs may include narrative summaries, bullet points, or structured outlines designed to support examiner orientation and prep work. These summaries act as decision-support materials, while final interpretations and supervisory decisions remain with agency personnel."
Treasury,Integrated Financial Management Information System (IFMIS),Internal Revenue Service (IRS),1,0,general_llm,,Pre-Deployment - The use case is in a development or acquisition status.,Generative AI,N/A,N/A,"This initiative enables quantitative decision-making that supports improved budget forecasting, formulation, planning, execution, and reporting based on approved methodologies.",The outcome will be a deeper understanding of IT interdependencies and integrated processes and systems.,"Recommended solutions based on various scenarios considering current budget, forecasted demand, pending legislation, projects in various lifecycle stages, statutory requirements, high-impact deliverables, risk, and the various trade-offs necessary for leadership to make the most informed choice.  Improved communications and workflow to expedite and speed up decision making and delivery within in the IT Business Unit."
Treasury,Legislative Analysis Tool,Internal Revenue Service (IRS),1,0,general_llm,Aretec SEARCH,Pilot - The use case has been deployed in a limited test or pilot capacity.,Generative AI,N/A,N/A,"The Legislative Analysis tool is a comprehensive tool for tracking, analyzing, and managing legislative and regulatory changes. It provides the following benefits: Real-time updates on legislative developments at federal, state, & local levels; Robust impact analysis features to assess how legislative changes affect your organization; A comprehensive database of legislative documents, making it easy to search & access relevant information; A user-friendly interface & collaboration features enhance team productivity & compliance management",Improve efficiency,"The outputs include the following: summaries of the chosen section of the bill; the # of impacted IT Systems and the estimated level of effort, per section; the forms outlined in each section, and their respective reasoning for impact."
Treasury,Meeting Minute Summarization,Office of the Comptroller of the Currency (OCC),1,0,general_llm,,Pre-Deployment - The use case is in a development or acquisition status.,Generative AI,N/A,N/A,"Ability to synthesize information based on extensive discussions, action items, and decisions that must be captured accurately in meeting minutes. Manual compilation of these minutes is time-consuming, varies in quality, and can distract staff from active participation. The AI is intended to streamline this process by producing clear, organized summaries of meeting discussions, reducing the burden on staff and improving consistency in how meeting outcomes are documented.","The AI enhances efficiency by providing timely, reliable summaries of meeting minutes, helping staff quickly understand key decisions, responsibilities, and next steps. This supports the agency’s mission by improving coordination, ensuring accurate communication of supervisory-relevant information, and enabling more timely follow-through on issues. Indirectly, the public benefits from stronger oversight and more effective execution of supervisory responsibilities.","The AI will generate structured, concise summaries of meeting minutes, capturing major discussion points, decisions made, action items, and assigned responsibilities. Outputs may include narrative summaries, bullet-point action lists, and categorized topics for ease of review. These materials serve as a support tool for examiners and staff, with final validation and interpretation remaining the responsibility of agency personnel."
Treasury,Narrative Summary and Thematic Analysis,Office of the Comptroller of the Currency (OCC),1,0,general_llm,Microsoft Teams,Pre-Deployment - The use case is in a development or acquisition status.,Generative AI,N/A,N/A,"The AI helps cut down the time spent reading through lengthy reports. These documents can contain a lot of detail, and staff often need a quick understanding of the main points. The AI provides an easier way to get to the core issues without manually working through the full report.","By giving teams faster access to the key concerns and trends, the AI supports more informed supervisory planning and internal coordination. This strengthens the agency’s ability to stay ahead of potential risks in the banking system, which ultimately contributes to better protection of consumers and the public.","The system generates a clear, readable summary of the report, calling out major themes, noteworthy issues, and any items that may need follow-up. These outputs help staff quickly understand what matters most."
Treasury,Newsletter Content Support,Office of the Comptroller of the Currency (OCC),1,0,general_llm,Microsoft Teams,Pre-Deployment - The use case is in a development or acquisition status.,Generative AI,N/A,N/A,"Creating newsletter content requires staff to synthesize updates, draft clear narratives, and format information for broad audiences. This process can be time-consuming, especially when staff must balance writing tasks with other operational responsibilities. The AI is intended to ease this burden by producing initial draft content that captures key messages and themes, allowing staff to focus on refinement rather than starting from scratch.","The AI increases efficiency by accelerating the creation of consistent, well-structured newsletter drafts, helping teams communicate more regularly and effectively. This supports the agency’s mission by improving internal and external information sharing, reducing administrative workload, and ensuring timely dissemination of updates. For the public or broader Treasury stakeholders, clearer and more consistent communication enhances transparency and understanding of agency activities.","The AI will generate draft newsletter content based on provided inputs such as topics, summaries, data points, or key messages. Outputs may include article drafts, section summaries, headline suggestions, and formatted text ready for staff review. The drafts serve as a starting point, with human staff responsible for editing, validating, and approving the final publication."
Treasury,OCC Guidance Summarization,Office of the Comptroller of the Currency (OCC),1,0,general_llm,,Pre-Deployment - The use case is in a development or acquisition status.,Generative AI,N/A,N/A,"OCC staff must frequently review a wide range of OCC regulatory sources—Handbooks, Bulletins, statutes, old Circulars, Interpretive Letters, Corporate Actions, and related guidance—to understand requirements and develop supervisory positions. Manually locating, reading, and synthesizing these materials is time-consuming and can slow the early stages of analysis. The AI is intended to streamline this initial research by quickly identifying relevant sources and summarizing key regulatory points.","The AI helps staff rapidly gain orientation to applicable regulatory frameworks, reducing the time spent gathering and processing foundational information. This supports the agency’s mission by promoting more timely and consistent application of asset management regulations and supervisory expectations. The public benefits through enhanced oversight of fiduciary and asset management activities, contributing to stronger investor protection and safer banking practices.","The AI will generate targeted summaries of relevant regulatory documents, highlight key obligations and thematic concepts, and provide references to specific OCC guidance sources applicable to the question or issue being researched. Its outputs serve as a starting point for examiners and policy staff, facilitating more efficient and informed review while ensuring that final interpretations and decisions remain with agency experts."
Treasury,OCC Writing Style Adherence,Office of the Comptroller of the Currency (OCC),1,0,general_llm,Microsoft Teams,Pre-Deployment - The use case is in a development or acquisition status.,Generative AI,N/A,N/A,"Examiners must ensure that written supervisory products consistently adhere to the OCC Writing Style Manual before submitting them to their EICs for review. Manually checking documents for clarity, tone, structure, grammar, and style compliance can be time-consuming and may lead to inconsistencies across teams. The AI is intended to provide a first-pass review that identifies deviations from writing guidelines and highlights areas needing refinement, reducing the burden on staff.","The AI improves the quality and consistency of written supervisory communications by helping examiners align their drafts with OCC writing standards before formal review. This supports the agency’s mission by promoting clearer, more professional, and more effective supervisory messaging. The public benefits indirectly from improved clarity and coherence in supervisory documents, which strengthen the transparency and reliability of regulatory communications.","The AI will produce feedback on examiner-written materials, including suggested revisions for grammar, clarity, organization, conciseness, and alignment with OCC Writing Style Manual expectations. Outputs may include highlighted text, recommended rephrasing, structural guidance, and style compliance notes. These suggestions serve as decision-support tools for examiners, while all final writing decisions and supervisory judgments remain with OCC staff."
Treasury,Public Information Analysis,Office of the Comptroller of the Currency (OCC),1,0,general_llm,,Pre-Deployment - The use case is in a development or acquisition status.,Generative AI,N/A,N/A,"Review of transcripts can be time-consuming, especially when trying to compare themes, identify shifts in tone, or spot notable changes. The AI helps streamline this work by quickly analyzing the transcripts and pulling together the main similarities, differences, and key insights that normally require extensive manual review.","With faster access to clear, consolidated insights from transcripts examiners and analysts can more effectively monitor trends, emerging risks, management perspectives. This strengthens supervisory awareness and supports more timely oversight, which in turn contributes to a safer banking environment that benefits the broader public.","The system generates summaries of individual transcripts, identifies patterns and highlights noteworthy variations, and produces a consistent executive-level overview. These outputs give users a clearer view of what banks are reporting and how those messages evolve over time."
Treasury,Regulation Statutory and Common Name Indexing,Office of the Comptroller of the Currency (OCC),1,0,general_llm,,Pre-Deployment - The use case is in a development or acquisition status.,Generative AI,N/A,N/A,"Compliance OCC staff frequently need to reference regulations by both their alphabetical identifiers (e.g., Regulation Z) and their full statutory names. Manually searching for these connections across regulatory materials is repetitive and time-consuming. The AI is intended to simplify this process by quickly generating a clear mapping between alphabetical regulation names and their corresponding statutory titles, improving speed and accuracy during compliance reviews.","The AI enhances staff efficiency by enabling faster access to accurate regulatory identifiers, reducing time spent on basic regulatory lookups. This supports the agency’s mission by improving consistency and reducing errors in examinations, training materials, and supervisory communications. The public benefits from more precise and efficient regulatory oversight, contributing to stronger consumer protections.","The AI will generate a quick-reference chart that pairs each regulation’s alphabetical designation with its full statutory or common regulatory name. Outputs may also include brief descriptions or links to source references. These materials serve as a convenient, standardized tool for examiners and staff, helping them navigate regulatory terminology more quickly and accurately."
Treasury,Regulation Summarization,Office of the Comptroller of the Currency (OCC),1,0,general_llm,,Pre-Deployment - The use case is in a development or acquisition status.,Generative AI,N/A,N/A,"Regulatory updates and final rules associated with the regulatory programs are extensive, complex, and often highly technical. Staff must manually review lengthy documents to extract relevant requirements, interpret changes, and understand impacts on supervisory processes. This manual approach is time-consuming and can delay implementation planning. The AI is intended to streamline this process by efficiently summarizing regulatory text and highlighting key provisions that matter most to examiners and policy staff.","By accelerating comprehension of regulatory materials, the AI helps staff more quickly understand updates and incorporate them into supervisory activities. This supports the agency’s mission by enhancing consistency, improving timeliness of regulatory interpretation, and reducing administrative burden. For the public, clearer and more efficient implementation and can contribute to more consistent enforcement and better support for community investment outcomes.","The AI will produce concise summaries of regulatory sections, highlight significant changes introduced by the Final Rule, and extract obligations, definitions, and compliance considerations relevant to examiners. Its outputs function as a support tool to help staff rapidly orient themselves to regulatory changes while leaving full interpretation and decision-making to agency personnel."
Treasury,Regulatory Reform Tool,General Counsel,1,0,general_llm,,Pre-Deployment - The use case is in a development or acquisition status.,Generative AI,N/A,N/A,Prepares draft proposed and final regulations; reviews statutes for potential deregulatory actions,"The AI improves operational efficiency, reduces manual burden, and enhances service delivery to the public.",The tool seeks to identify statutes that are not statutorily required or that are inconsistent with Looper Bright; generates draft proposed and final rules
Treasury,Regulatory Rule Analysis,Office of the Comptroller of the Currency (OCC),1,0,general_llm,,Pre-Deployment - The use case is in a development or acquisition status.,Generative AI,N/A,N/A,"Comment letters on major rulemakings can be lengthy and numerous, making it difficult for staff to quickly understand the range of viewpoints and the main arguments presented. The AI helps by reviewing these submissions and distilling them into clear summaries, saving time and reducing the burden of manually going through each document.","By providing a faster way to understand feedback on the proposed rule, the AI supports more informed internal discussions and policy analysis. This helps ensure the agency remains aligned with evolving regulatory perspectives, ultimately contributing to stronger and more effective supervision practices that benefit the public and the financial system.","The system delivers concise summaries of comment letters, capturing key themes, concerns, recommendations, and areas of consensus or disagreement. These outputs give staff a clearer picture of the issues raised without needing to read each letter in full."
Treasury,Reporting Requirement Analysis,Office of the Comptroller of the Currency (OCC),1,0,general_llm,,Pre-Deployment - The use case is in a development or acquisition status.,Generative AI,N/A,N/A,"Reviewing lengthy, technical, and highly variable reports manually to ensure completeness, accuracy, and adherence to regulatory requirements is time-consuming and resource intensive. The AI is intended to streamline this process by analyzing the content for required elements, identifying gaps, and highlighting areas that may not meet reporting standards.","The AI enhances efficiency and consistency, enabling staff to focus on higher-value evaluation and supervisory judgment. This supports the agency’s mission by improving the timeliness and quality of oversight related to information security and consumer data protection. The public benefits from stronger, more responsive supervision that promotes better safeguarding of sensitive customer information within financial institutions.","The AI will produce structured analyses of each report, including summaries of key findings, identification of missing or incomplete elements, and observations tied to compliance requirements. Outputs may include checklists, gap analyses, and synthesized policy-relevant insights that assist staff in determining whether a report meets regulatory expectations. Final review and regulatory conclusions remain fully with human examiners."
Treasury,Requirements Elaboration Tool,Office of the Comptroller of the Currency (OCC),1,0,general_llm,Microsoft Teams,Pre-Deployment - The use case is in a development or acquisition status.,Generative AI,N/A,N/A,"Teams often start with high-level business needs that require additional clarification before work can move forward. The AI helps break down these broad statements into more detailed and precise requirements, reducing back-and-forth discussions and helping ensure everyone shares the same understanding of what needs to be delivered.","More clearly defined requirements lead to smoother project execution and fewer misunderstandings, which supports timely delivery of technology and process improvements. These improvements strengthen internal operations and ultimately help the agency carry out its supervisory mission more effectively, yielding better outcomes for the public and the financial system.","The system generates refined requirement statements, clarifies assumptions, identifies missing details, and organizes business needs into structured, actionable components. These outputs give project teams a clearer blueprint to work from."
Treasury,Research Suitability,Office of the Comptroller of the Currency (OCC),1,0,general_llm,,Pre-Deployment - The use case is in a development or acquisition status.,Generative AI,N/A,N/A,"The AI is intended to reduce the manual workload involved in reviewing and scoring materials used for symposiums. Evaluators currently spend considerable time assessing relevance, quality, and technical rigor. The AI helps streamline this process by providing an initial, consistent rating that supports quicker filtering and prioritization.","By speeding up the presentation reference material selection process, the AI allows subject-matter experts to focus on deeper evaluation rather than preliminary screening. This improves efficiency and helps ensure that high-quality, policy-relevant research is highlighted for symposiums, ultimately supporting better-informed supervisory and regulatory perspectives that benefit the broader financial system and the public.","The system generates a rating or score for each material artifact, along with brief reasoning based on relevance, technical execution, and alignment with the symposium’s thematic criteria. These outputs act as a first-level filter to support reviewers in identifying papers that merit further consideration."
Treasury,Resource Assignment Optimization,Office of the Comptroller of the Currency (OCC),1,0,general_llm,,Pre-Deployment - The use case is in a development or acquisition status.,Generative AI,N/A,N/A,"The AI is intended to reduce the manual effort involved in reviewing open positions and identifying available staff who may be a good fit. Currently, analysts and managers must sort through resource lists, skill profiles, and job requirements individually. The AI helps automate this matching process by applying predefined rules and logic, making it easier to identify potential matches quickly and consistently.","The AI improves workforce efficiency by helping the agency deploy staff more quickly and effectively, which supports timely supervision activities and strengthens overall operational readiness. By reducing administrative workload, analysts and managers can spend more time on mission-critical responsibilities. Ultimately, better resource alignment contributes to more effective oversight of the banking system, which benefits the public through a stable and well-regulated financial environment.","The AI outputs a set of recommended matches between available staff and open job roles, highlighting how well each resource aligns with the job requirements based on skills, experience, and other predefined criteria. These outputs serve as suggestions to support decision-making and help managers quickly identify candidates who may be suitable for specific assignments."
Treasury,Resume Ranking Engine,Internal Revenue Service (IRS),1,0,general_llm,,Pre-Deployment - The use case is in a development or acquisition status.,Generative AI,N/A,N/A,Career alignment problem by bridging the gap between employees and job opportunities. Employees struggle to understand how well their resume aligns with specific job roles. AI will help to analyze the resume and job descriptions automatically. Rank roles by fit score so employees can know where to focus. Highlight gaps in skills or experience with actionable suggestions. Provide section by section scoring so the employee will know exactly what needs improvement.,"Increased efficiency, higher accuracy, transparency, equity and career growth.","Ranked list of roles, Section level scores, Skill gap list, Actionable suggestions, JavaScript Object Notation (JSON) payload and exportable Portable Document Format (PDF) report"
Treasury,Rulemaking Comment Analytics,Office of the Comptroller of the Currency (OCC),1,0,general_llm,,Pre-Deployment - The use case is in a development or acquisition status.,Generative AI,N/A,N/A,"The rulemaking process generates large volumes of public comments that require timely and consistent analysis. Manual review is labor-intensive, slow, and prone to variability, creating delays in identifying sentiment, themes, and stakeholder concerns. We need a more efficient, scalable method to analyze these comments so regulators can make informed decisions within required timeframes.","The Comment Analytics use case leverages Gen AI to rapidly analyze public comments submitted during rulemaking, including identifying sentiment, key themes, and areas of concern. This significantly speeds up the review process, reduces manual workload, and provides consistent, data-driven insights to support more informed regulatory decision-making.","The AI tool will produce structured summaries of public comments, including sentiment analysis, key themes, and recurring issues. It's output will provide regulators with a consolidated view of stakeholder feedback, enabling faster interpretation, prioritization of concerns, and more informed decision-making during the rulemaking process."
Treasury,Software Code Generation,Office of the Comptroller of the Currency (OCC),1,0,general_llm,unspecified,Pilot - The use case has been deployed in a limited test or pilot capacity.,Generative AI,N/A,N/A,"Developing software code and producing the associated documentation requires significant time and technical expertise. Routine coding tasks, boilerplate creation, and documentation drafting can slow down development cycles and divert staff from higher-value design and analysis work. The AI is intended to assist by generating code snippets, templates, and initial documentation drafts, reducing manual effort and accelerating development processes.","The AI increases development efficiency by automating repetitive coding tasks and improving documentation consistency. This enables technical staff to focus more on systems design, security review, and integration work, supporting the agency’s mission through faster delivery of high-quality technical solutions. The public benefits indirectly through enhanced operational efficiency, improved reliability of supporting systems, and reduced development backlogs that contribute to more effective regulatory and supervisory activities.","The AI will generate software code aligned to predefined requirements, along with code comments, technical documentation, and usage explanations. Outputs may include function templates, structured code blocks, API documentation, configuration examples, or troubleshooting guidance. These materials serve as development aids, with final validation, testing, and implementation remaining the responsibility of agency technical staff."
Treasury,Statistical Information Services Customer Correspondence Analytics,Internal Revenue Service (IRS),1,0,general_llm,,Pre-Deployment - The use case is in a development or acquisition status.,Generative AI,N/A,N/A,"Statistics of Income (SOI) has collected years' worth of customer correspondence.  While having this information has been useful for historical documentation proposes, it is apparent that moving forward we need to evaluate the trends in requests, identify areas of demand, topics of interest, and areas for internal improvement.  Through the use of AI, we intend to summarize and evaluate the previous several years' worth of correspondence to better direct our limited resources moving forward.  The output will help us better realign our resources to more highly impactful tasks and assignments.  It will also help direct where improvements to current products need to be made and what those improvements ought to be to better inform the public.",Improve customer service by having SOI information more easily understandable and available.,"The output of the AI system will be summary evaluations, via [name removed] capabilities, of the past several years of customer correspondence."
Treasury,Survey Analysis,Office of the Comptroller of the Currency (OCC),1,0,general_llm,,Pre-Deployment - The use case is in a development or acquisition status.,Generative AI,N/A,N/A,"The AI is intended to address the difficulty of manually reviewing and interpreting large volumes of open-ended survey comments. Analysts often spend significant time reading through text responses to identify themes, concerns, or sentiment. The AI helps streamline this process by quickly mining, organizing, and highlighting meaningful insights from the survey data.","By accelerating the analysis of survey feedback, the AI enables the agency to better understand employee or stakeholder perspectives and identify areas needing attention. Faster, more consistent insight extraction supports improved decision-making and enhances internal operations, which strengthens the agency’s overall effectiveness in carrying out its supervisory mission—ultimately benefiting the public through more informed regulatory oversight.","The system generates summaries, themes, sentiment indicators, and highlighted insights drawn from open-text survey responses. It may also surface recurring topics or issues, helping users quickly grasp key patterns without manually reading every comment."
Treasury,Training Content Generation,Office of the Comptroller of the Currency (OCC),1,0,general_llm,Microsoft Teams,Pre-Deployment - The use case is in a development or acquisition status.,Generative AI,N/A,N/A,"Developing training materials for supervisory topics requires subject-matter expertise and significant staff time to research concepts, draft explanations, create examples, and format content for instructional use. This manual process can slow down the production of new or updated training modules. The AI is intended to automate portions of content creation by generating draft educational materials, helping training teams produce high-quality instructional content more efficiently.","The AI improves the speed and consistency of training content development, enabling staff to more quickly access updated and comprehensive learning materials. This strengthens the agency’s mission by enhancing examiner competency, improving knowledge transfer, and supporting more effective supervision. Ultimately, the public benefits from better-trained examiners who can more effectively identify and address risks within financial institutions.","The AI will generate draft training materials such as lesson summaries, topic explanations, examples, practice questions, and structured learning modules aligned to credit training objectives. These outputs serve as a starting point for training teams, who review, edit, and validate all content to ensure accuracy, clarity, and alignment with agency standards."
Treasury,Using Text Summarization for Open-Ended Survey Responses,Internal Revenue Service (IRS),1,0,general_llm,,Pre-Deployment - The use case is in a development or acquisition status.,Generative AI,N/A,N/A,Analyzing open-ended survey responses is very time intensive. This project seeks to reduce the time that analysis takes.,Open-ended survey responses can capture more nuanced information than closed response questions. Using AI to summarize these responses will enable Small Business/Self-Employed (SB/SE) Research to better leverage open-ended responses to provide our customers with more nuanced information.,The AI will output a summary of all the open-ended responses. This summary will capture all the main themes and important details of the open-ended responses.
Treasury,Visualization Alt-Text Generation,Office of the Comptroller of the Currency (OCC),1,0,general_llm,,Pre-Deployment - The use case is in a development or acquisition status.,Generative AI,N/A,N/A,"Charts, figures, and tables often lack descriptive alt-text, which is essential for accessibility and compliance with federal standards. Creating accurate alt-text manually is time-consuming and requires staff to interpret visual information and translate it into clear, concise narrative descriptions. The AI is intended to automate this process by analyzing visual elements and generating draft alt-text, reducing manual workload and improving consistency in accessibility documentation.","The AI increases efficiency and ensures more consistent compliance with accessibility requirements, supporting the agency’s mission to provide inclusive and usable information to all stakeholders. Staff benefit from reduced time spent drafting alt-text, enabling them to focus on higher-value analytical and communication tasks. The general public—particularly individuals relying on assistive technologies—benefits from clearer, more accessible descriptions of charts and data visualizations.","The AI will generate draft alt-text descriptions for charts, figures, and tables, summarizing key visual elements such as trends, comparisons, labels, and notable data points. Outputs may include short descriptive sentences or structured alt-text templates tailored to the type of visual. These drafts serve as a starting point for staff, who remain responsible for reviewing and finalizing the content to ensure accuracy and compliance."
Treasury,eDiscovery Software,Bureau of the Fiscal Service (BFS),1,0,general_llm,,Pre-Deployment - The use case is in a development or acquisition status.,Generative AI,N/A,N/A,"Contextual Research (Exploring policies, regulations, trends, and strategic topics)",OCC is investigating the potential use of eDiscovery software. Reaching out to other Bureaus to get a preliminary interest/requirements list put together.,Discovery of data based on legal requests
USDA,AI-Enhanced Qlik Reporting for FSIS Data,Food Safety,1,0,general_llm,,a) Pre-deployment  The use case is in a development or acquisition status.,Generative AI,,,"Need deeper insights from Food Safety Inspection Service (FSIS) datasets by identifying trends, anomalies, and predictive indicators that inform decision-making.",AI-enhanced insights for Food Safety Inspection Service data. Faster and more informed decision-making. Supports AI inventory and budget planning.  Governance and tool rationalization.,Outputs SQL queries and executes them securely.
USDA,AR-Enabled Mobile App for Policy and Regulation Review,Food Safety,1,0,general_llm,,a) Pre-deployment  The use case is in a development or acquisition status.,Generative AI,,,"Enables inspectors to perform remote dispositions and receive training in real-time, hands-free.","Reduced travel time and costs, especially in hard-to-staff or remote locations. Expanded inspection coverage through flexible deployment of remote veterinary oversight. Improved job satisfaction and retention by minimizing travel burdens and offering modern tools. Enhanced training and support via real-time remote guidance from experienced veterinarians.",A custom mobile application for inspection personnel.
USDA,Automating ATO/POAM documentation,Food Safety,1,0,general_llm,,a) Pre-deployment  The use case is in a development or acquisition status.,Generative AI,,,"Need for enhanced cybersecurity visibility, response time, and documentation efficiency.",Improved cybersecurity visibility. Faster response time to threats. Greater documentation efficiency. Stronger governance and compliance.,Text-based security Documentation.
USDA,Forest Plan review and planning support,Natural Resources and Environment,1,0,general_llm,,c)  Deployed  The use case is being actively authorized or utilized to support the functions or mission of an agency.,Generative AI,Advanced platform for Technical Learning and Analytics in the Sciences (ATLAS),Google,Opportunity to increase business productivity related to forest plan reviews by analyzing data and information at a rapid pace,"Speeding up analysis of data, improving service for public, and mission area enablement.",Outputs data analysis and extracted information
USDA,Image generator for presentation support,Marketing and Regulatory Programs,1,0,general_llm,,a) Pre-deployment  The use case is in a development or acquisition status.,Generative AI,,,There are often scenes of field work that are difficult to photograph for use in educational presentation. AI has been used to generate images that approximate those field operations.,Provides a tool that improves the training of staff and educating agricultural stakeholders.,The AI generates an image that can be saved as a JPEG file for use in standard presentation software.
USDA,NRE FS Customer Relationship Manager New Hire Experience (NRE FS CRM NHE) CSAM ID 2639,Natural Resources and Environment,1,0,general_llm,,c)  Deployed  The use case is being actively authorized or utilized to support the functions or mission of an agency.,Generative AI,NRE FS Customer Relationship Manager New Hire Experience (NRE FS CRM NHE),Salesforce,"There is a need for assisting end users in human resources, business and finance solutions, or processes and procedures",Provide guidance and assistance to the end user.,"Self help outputs text-based information and solutions for human resources, business and finance needs."
USDA,Portfolio Approval and Management (PAM) Bot,"Research, Education and Economics",1,0,general_llm,,a) Pre-deployment  The use case is in a development or acquisition status.,Generative AI,,,The purpose of the model is to improve the Economic Research Service (ERS) research approval process.,"The system reduces the time it takes to fill out information and seek approval, improves information accuracy, and brings visibility to the approval status across various division functions.","The system provides three outputs: the approval status, summary recommendations, and generated citations."
USDA,ProcureSight,Departmental Administration,1,0,general_llm,,c)  Deployed  The use case is being actively authorized or utilized to support the functions or mission of an agency.,Generative AI,,ProcureSight,The primary use is to assist with market research and responsibility determination.,"This is a free solution and it use will increase procurement professional productivity as ProcureSight transforms public datasets from SAM.gov and USASpending, enabling users to perform highly precise searches against this public procurement data. This is cost saving and improving government efficency.",The system outputs search results
USDA,Public Comments Analysis,Office of the Chief Information Officer,1,0,general_llm,,a) Pre-deployment  The use case is in a development or acquisition status.,Generative AI,,,Public comments analysts are overburdened with processing large volumes of public comments. This delays regulatory review and burdens policy staff.,Automation of tedious and repetitive tasks reduces cost and increases speed and efficiency when addressing public comments,Outputs are CSV files containing extracted comment information necessary for analysts to address issues and recommendations
USDA,Rapid Drafting of ARS Research Summaries,"Research, Education and Economics",1,0,general_llm,,a) Pre-deployment  The use case is in a development or acquisition status.,Generative AI,,,"The purpose of this tool is to summarize ongoing research from internal Agricultural Research Service (ARS) documents to allow program staff to efficiently understand ARS research outputs and create accurate and timely summary documents, such as briefing papers, talking points for leadership, and speeches.","This system will give staff more time for higher-priority duties, and leadership will be able to more confidently answer questions, justify budget requests, and ensure that our research is innovative and relevant.",Natural language text summarizing relevant content from the document database.
USDA,Recreation One Stop use of AI,Natural Resources and Environment,1,0,general_llm,,c)  Deployed  The use case is being actively authorized or utilized to support the functions or mission of an agency.,Generative AI,Recreation.gov,Booz Allen Hamilton,"There is an administrative burden in booking sites and planning trips to Forest Service land. Recreation One Stop is a tool to support bookings and provide alternatives where there is no availability, provide awareness via recommendations of various inventories to support trip planning, and to capture large amounts of content into a summarized version for easier readability within ratings and reviews.","Benefits to the public include improved customer service, increased occupancy rates at federal campgrounds, greater stewardship of natural resources and the environment, and removing barriers to the American public in support of Executive Order 14179.","Some expected AI system outputs include personalized recommendations, ratings and reviews summaries, and filtered user interfaces that enable users to search for campgrounds and campsites activity."
USDA,TreeSearch,Natural Resources and Environment,1,0,general_llm,Aretec SEARCH,c)  Deployed  The use case is being actively authorized or utilized to support the functions or mission of an agency.,Generative AI,Advanced platform for Technical Learning and Analytics in the Sciences (ATLAS),Google,"There is opportunity to streamline the usability of the US Forest Service (USFS) TreeSearch website, the primary database for Forest Service-sponsored research.","Currently, Forest Plan Revision team members would search the USFS TreeSearch database of over 60,000 documents manually to find relevant publications to support their work. This AI solution would expedite the team's research process by providing quick, accurate, and context-aware answers from multiple sources.",Provides conversational outputs through an AI Chatbot with a Human In The Loop (HITL) performing final data checks and quality assurance.
USDA,Turbo plan,Natural Resources and Environment,1,0,general_llm,,c)  Deployed  The use case is being actively authorized or utilized to support the functions or mission of an agency.,Generative AI,Advanced platform for Technical Learning and Analytics in the Sciences (ATLAS),Wildfire.org,Accelerating environmental planning with tools and services to achieve the Wildfire Crisis Strategy with specific focus around National Environmental Policy Act planning and appraisal process optimization.,"Meet and exceed the Wildfire Crisis Strategy, accelerate the pace and scale of preparedness planning before a catastrophic wildfire, reduce the time and cost of planning, standardize the planning process, reduce planning barriers",Optimized planning document
USDA,Voiceover App,Office of the Chief Information Officer,1,0,general_llm,,a) Pre-deployment  The use case is in a development or acquisition status.,Generative AI,,,"Recording audio for videos (onboarding, educational materials, etc.) is costly and time consuming.",Reduces labor hours and cost required to record and edit spoken audio,Audio file of an individual speaking the text script that was provided as input
VA,AI Personal Assistance POC,VBA: Veterans Benefits Administration,1,0,general_llm,,a) Pre-deployment – The use case is in a development or acquisition status.,"Generative AI: AI that generates new or synthetic content (e.g., images, videos, audio, text, code).",,,Help VBA Education Data Analysts create queries and interpret data which can be used for decision making.,Increased efficiency,Answers to questions. The tool would generate a mock SQL query and other useful outputs that would help refine the data inquiry.
VA,Abridge Ambient Scribe,OIT: Office of Information & Technology,1,0,general_llm,,b) Pilot – The use case has been deployed in a limited test or pilot capacity.,"Generative AI: AI that generates new or synthetic content (e.g., images, videos, audio, text, code).",,,"This solution is intended to solve the following problems: 
- Clinician burnout by decreasing clinical documentation burden which is resulting in 
- Clinicians focusing on their computer rather than the Veteran during the visit by reducing clinical documentation during patient visits
- Poor quality and unstandardized clinical documentation","- Reduced clinician burnout 
- Improved Veteran satisfaction with healthcare experiences 
- Future: Improved billing/coding which can provide financial benefit to the VA",Draft clinical notes based on audio from clinical encounters.
VA,Ansible Lightspeed,OIT: Office of Information & Technology,1,0,general_llm,Microsoft Teams,a) Pre-deployment – The use case is in a development or acquisition status.,"Generative AI: AI that generates new or synthetic content (e.g., images, videos, audio, text, code).",,,"Lack of adoption of automation, or expertise in coding knowledge to automate a remediation/code change. Ansible LightSpeed helps create automations faster, making teams more efficient and productive in a shorter amount of time than if they needed to write automations on their own.",Quicker time to service and resolution,Automation playbooks. Ansible LightSpeed answers questions inside the Ansible Automation Platform application via a chatbot dialogue box in the application. Ansible LightSpeed can also be a plugin for Visual Studio Code where it can generate YAML code for a developer (or administrator or engineer) where they are developing the YAML code. Both of these are optional to the included Ansible Automation Platform.
VA,Augmented Reality and Virtual Museum,"OALC: Office of Acquisitions Logistics, and Construction",1,0,general_llm,Aretec SEARCH,a) Pre-deployment – The use case is in a development or acquisition status.,"Generative AI: AI that generates new or synthetic content (e.g., images, videos, audio, text, code).",,,AI will enable visitors to submit queries regarding the VA's history and be presented the most suitable information within the VA's curated public domain historical information database.,"Utilization of AI will enable the VA to present the most relevant information to the general public with the easiest access, eliminating the need for them to otherwise search the VA Virtual Museum's extensive catalog of publicly available information. It will provide Veterans, employees and the public with accurate information that illustrates the VA's service to veterans.",Outputs include synthesized publicly available information on the VA's history.
VA,Automated AI review for Competitive Procedures,VHA: Veterans Health Administration,1,0,general_llm,,a) Pre-deployment – The use case is in a development or acquisition status.,"Generative AI: AI that generates new or synthetic content (e.g., images, videos, audio, text, code).",,,"Provide guidance, while maintaining human in the loop, for various aspects of the reviewing processes where competitive procedures include multiple objective and subjective metrics (with potential application to R & D grants and contracts).  This enables faster processes, unbiased and additional perspectives for competitive review processes.","Provides cost savings, increased efficiency, and process enhancements",Suggestions for human reviewers for evaluation on comprehensiveness of submission (e.g. Research and Development grant)
VA,Automated Ratings Summarization,VBA: Veterans Benefits Administration,1,0,general_llm,,a) Pre-deployment – The use case is in a development or acquisition status.,"Generative AI: AI that generates new or synthetic content (e.g., images, videos, audio, text, code).",,,"We are attempting to reduce the claims backlog and processing time. Additionally, there is a large volume of documentation on a Veteran's record - this tool is intended to reduce the amount of time a claim processor spends sorting through documentation relevant to a Veteran's claimed issue.","- Increased efficiency and lower time to decision on a benefits claim for a Veteran
- Improve the quality of decisions, which can ultimately result in a decrease in appeals","Identifies and generates summarizations or relevant documents from a Veteran's record, associated with the claim under review."
VA,BessISSTANT,VHA: Veterans Health Administration,1,0,general_llm,,a) Pre-deployment – The use case is in a development or acquisition status.,"Generative AI: AI that generates new or synthetic content (e.g., images, videos, audio, text, code).",,,Decrease time needed for technicians to find information in service manuals.,Increased efficiency.,Excerpts from service manuals.
VA,BillieGPT POC,OIT: Office of Information & Technology,1,0,general_llm,,a) Pre-deployment – The use case is in a development or acquisition status.,"Generative AI: AI that generates new or synthetic content (e.g., images, videos, audio, text, code).",,,"It will exist to assist School employees (School certifying officials) in general use, policy, and procedures for handling Veterans cases from the school's perspective. Gives info directly to school officials rather than having them call in to the VA call centers for assistance.","Better outcomes for student veterans, increased efficiency",Generative AI response to the user question
VA,CPT Worksheet Helper,VHA: Veterans Health Administration,1,0,general_llm,,a) Pre-deployment – The use case is in a development or acquisition status.,"Generative AI: AI that generates new or synthetic content (e.g., images, videos, audio, text, code).",,,Patients struggle to complete Cognitive Processing Therapy (CPT) homework and want feedback beyond when they see their therapist. Research has shown that homework frequency and quality can support greater improvement.,Patients may remain more engaged in treatment and experience greater improvement.,"LLM will provide the user with encouragement, feedback, and guidance. Another LLM may be used to detect risk and respond appropriately"
VA,CSOC AI Analyst Accelerator (Andesite AI),OIT: Office of Information & Technology,1,0,general_llm,Splunk,a) Pre-deployment – The use case is in a development or acquisition status.,"Generative AI: AI that generates new or synthetic content (e.g., images, videos, audio, text, code).",,,"VA Cybersecurity Operations Center (CSOC) requires new tools and capabilities to meet increasing demands for monitoring and securing the VA’s complex information technology (IT) environment, which currently involve time-consuming and manual processes.","Andesite AI has the potential to be a significant part of VA’s overall defensive security strategy which will provide comprehensive visibility by enabling the cybersecurity team to transform and accelerate investigations, connect data silos, and decrease time to response. Hosted in VAEC AWS, Andesite AI will connect via API to several endpoints such as Splunk, SOAR, ThreatQ and the VA Network to seamlessly integrate information to assist Cybersecurity Analysts with their investigations.","Andesite AI will submit prompts and retrieve results from AWS Bedrock (via Claude Sonnet) to help review potential incidents and perform investigations. The inputs of the model will include security event data from Splunk and Microsoft Sentinel used by CSOC analysts such as vulnerability data, indicators of compromise, security and event logs, and other threat intelligence data. Outputs of the model will include descriptions of potential incidents/vulnerabilities, suggestions on remediation and prioritization, and contextual information and correlation of various security event data. The users of Andesite AI will be 20 VA CSOC analysts."
VA,Categorization and Labelling Administrative Requests,OIT: Office of Information & Technology,1,0,general_llm,,b) Pilot – The use case has been deployed in a limited test or pilot capacity.,"Generative AI: AI that generates new or synthetic content (e.g., images, videos, audio, text, code).",,,The categorization and labeling functionality is intended to support functions such as administrative intake requests. This is intended to support use cases such as rapid triage of Information Technology intake requests. This solves the problem of manual data entry.,Increased efficiency.,"1. The system selects a category based on a list of categories defined by a person.
2. The system labels long text fields in under 50 characters."
VA,Continuous Glucose Monitoring Summary,VHA: Veterans Health Administration,1,0,general_llm,,c) Deployed – The use case is being actively authorized or utilized to support the functions or mission of an agency.,"Generative AI: AI that generates new or synthetic content (e.g., images, videos, audio, text, code).",,,Reduce work hours associated with manually scouring Ambulatory Glucose Profile metrics and reduce transcription errors while copying and pasta data between medical tools and platforms.,Provide a holistic view of patient data and improve medical providers' efficiency in caring for patients.,"Summarized Ambulatory Glucose Profile metrics over a 14-day period in a Power BI dashboard that is accessible from Virtual Care Manager, Clinical Data Services, and Electronic Health Record."
VA,Deduplication in Record Management,VHA: Veterans Health Administration,1,0,agentic,,a) Pre-deployment – The use case is in a development or acquisition status.,Agentic AI: AI systems that perform tasks or make decisions autonomously with minimal human intervention.,,,"- Reduce manual process of opening record for review.
- Triage urgent veteran follow up needs by recognizing urgent or routine in boxes. 
- Kick back record requests missing important clerical details like signatures, names, or ICD 10 codes.
- Summarize Physical Therapy (PT) care records for VA practitioners to act on.
- Reduce clinical errors and manpower / manual resources in clinically evaluating forms
- Reduce clinical manpower and cloud storage in uploading duplicate documents","- Decrease clerical and clinical costs related to record management.
- Increase Registered Nurse (RN) licensure to provide direct care. Too many RNs are pulled into record management, which takes them away from frontline needs.
- Decrease Veteran harm or death
- Increase Veteran satisfaction
- Decrease burnout","An overlaying device reads all e-faxed records coming in. It recognizes:
- If the record is urgent (RFS) or routine
- The date and triages records that need more immediate action
- Signatures. 

This product has been created. The final product will include a summary of details for rapid action."
VA,Digizens,VHA: Veterans Health Administration,1,0,general_llm,,a) Pre-deployment – The use case is in a development or acquisition status.,"Generative AI: AI that generates new or synthetic content (e.g., images, videos, audio, text, code).",,,"Patient compliance with treatment plans. Solves the problem of costly clinical trials modeling behavior. 

Digizens is an AI that creates a digital cohort of individuals who can then take part in clinical trials related to compliance with certain tasks. Various messaging can be relayed to the digital individuals in order to measure effectiveness of messaging in real world scenarios without the risk of harm to real individuals. Population based behavior modeling based on communication, messaging, and compliance. These models can be run prior to engaging actual participants in various studies to optimize adherence and outcomes.",Improved patient compliance with more effective messaging. Lows risk cost effective clinical trials related to patient behavior.,Output is modeled behavior and compliance rates based on messaging.
VA,EDU Synthetic Test Data POC,OIT: Office of Information & Technology,1,0,general_llm,,a) Pre-deployment – The use case is in a development or acquisition status.,"Generative AI: AI that generates new or synthetic content (e.g., images, videos, audio, text, code).",,,"To generate mock data which allows VBA education service to leverage non-prod, non-pii environments for more robust testing.","Faster, automated testing is a key outcome of being able to generate life-like yet identity-obscured data.",Fake Veterans with variables and constraints that mimic real life and can be used for UAT and automated testing.
VA,Education Call Center (ECC) Next Gen POC,VBA: Veterans Benefits Administration,1,0,general_llm,,a) Pre-deployment – The use case is in a development or acquisition status.,"Generative AI: AI that generates new or synthetic content (e.g., images, videos, audio, text, code).",,,"To give easier access to information like approved, current procedures or helpful tips to call center employees that engage directly with Veterans. This is a high turnover position within VA so this would lighten the training barrier and supply our Veterans with better information.",Increased efficiency and improved communication outcomes with Veterans about their benefits. Perhaps improve turnover at the call centers.,"• Function of the model: Generative AI Model that can provide real time transcription of calls, capture questions asked by caller, and provide recommended answers with source citation to ECC representatives

• Output: Call transcript, answers to questions, querable database for quality control's purpose"
VA,Executive Spend Analysis,VHA: Veterans Health Administration,1,0,general_llm,,c) Deployed – The use case is being actively authorized or utilized to support the functions or mission of an agency.,"Generative AI: AI that generates new or synthetic content (e.g., images, videos, audio, text, code).",,,"AI is used to enrich Integrated Funds Control, Accounting, and Procurement (IFCAP) purchase order data by categorizing line item purchases into pre-defined spend categories that are more analytically useful. It offers insights into spending patterns and helps executives monitor and manage procurement expenditures effectively.",Enhanced visibility into spending patterns and trends which allow VISN- and VHA-level leadership to make informed and strategic decisions about areas to drive spending efficiencies.,"A comprehensive overview of procurement spending, with dynamic filtering options to dissect spending across various categories and geographic regions:

* Overview and detailed tabs with filtering options for time periods and geographic areas.
* Display of total spend, total line items, and breakdown by processing types.
* Filtering and sorting features by budget object code, fund control point, and vendor.
* Additional visualization tools, including spend categorization and trend analysis.

AI outputs are used to inform more complete and unique analysis of spend data. These outputs do not directly trigger any decisions automatically."
VA,Generative Annotations,VBA: Veterans Benefits Administration,1,0,general_llm,,a) Pre-deployment – The use case is in a development or acquisition status.,"Generative AI: AI that generates new or synthetic content (e.g., images, videos, audio, text, code).",,,"Veteran Service Representatives (VSRs) are required to annotate documents relevant to a Veteran claim so that subsequent reviewers are able to quickly reference information to make claim decisions. Currently in order to annotate documents, VSRs have to read large bodies of text and manually summarize them which is time consuming and increases cognitive load.",Increased efficiency,AI Summarized text
VA,HTM112 Tutor,VHA: Veterans Health Administration,1,0,general_llm,,c) Deployed – The use case is being actively authorized or utilized to support the functions or mission of an agency.,"Generative AI: AI that generates new or synthetic content (e.g., images, videos, audio, text, code).",,,"While current VA and Healthcare Technology Management (HTM) courses offer tailored content, the HTM112 Tutor elevates the learning experience by providing individualized and personal support that adapts to each learner's unique pace, style and specific knowledge gaps. It serves as a learning enhancement tool, not a replacement for instruction, by increasing accessibility to information and fostering an individualized learning journey. This ultimately boosts course efficiency and overall training effectiveness.","The HTM112 AI Tutor delivers measurable benefits across training effectiveness, operational efficiency, and patient safety outcomes:
• Accelerated Learning: Reduces time spent searching course materials by over 80%
• Personalized Support: Provides individualized assistance tailored to each learner
• Improved Retention: Offers immediate clarification and reinforcement, Adds ability to create learning aids to improve recall and retention back on the job
• 24/7 Accessibility: Ensures continuous learning support
• Instructor Resource Optimization: Frees instructors from repetitive questions
• Reduced Training Administration: Streamlines content delivery and reduces manual support requests
• Scalable Knowledge Management: Provides consistent, verified information access across HTM staff 
• Cost-Effective Continuous Education: Reduces need for refresher training
• Improved Technical Competency: Better-trained HTM professionals enhance the reliability and safety 
• Faster Issue Resolution: On-demand access to networking knowledge reduces equipment downtime and improves patient care continuity
• Standardized Best Practices: Ensures consistent application of networking procedures
• Risk Mitigation: Reduces potential for networking-related equipment failures 
• Knowledge Preservation: Maintains institutional knowledge for future HTM professionals
• Continuous Professional Development: Supports career advancement
• Enhanced Workforce Readiness: Ensures HTM staff remain current with VA standards","The HTM112 Tutor is built on the Summit AI Assistant (SAA) platform, utilizing RAG technology. All content has been curated, cleansed, and verified for accuracy to ensure factual grounding, transparency, and access to current, domain-specific information across all generated outputs:
Conversational Responses:
• Direct, accurate answers to networking and HTM-related questions with source attribution
• ""I'm not sure"" responses when queries fall outside the verified knowledge base or course scope
• Contextual explanations tailored to the user's specific learning needs
• Relevant excerpts from course transcripts, presentations, and lab materials
• Precise citations with page numbers, section references, and source document identification
• Cross-references to related course materials and resources
• Clear explanations of complex networking concepts with practical examples
• Comprehensive topic and lesson summaries
• Interactive learning aids including quizzes, knowledge checks, and flashcards
• Step-by-step procedural guides and troubleshooting checklists
• Personalized study recommendations based on individual learning gaps
• Targeted guidance for completing hands-on exercises
• Troubleshooting support for lab-related technical issues
• Progress-based hints and explanations to facilitate independent learning
All outputs maintain consistency with official VHA HTM training standards and include transparent source attribution to support verification and further study."
VA,Healing in Your Hands Wellness Tools for VA Staff and Veterans,VHA: Veterans Health Administration,1,0,general_llm,,a) Pre-deployment – The use case is in a development or acquisition status.,"Generative AI: AI that generates new or synthetic content (e.g., images, videos, audio, text, code).",,,"This AI wellness tool is designed to close a real gap in the VA: the lack of quick, easy-to-access emotional support for both staff and Veterans in the moments they need it most.

Right now, if a nurse finishes a high-stress call or a Veteran walks into the clinic feeling anxious, there’s no immediate, built-in way to help them calm down, refocus, or reset before moving forward. Most wellness efforts happen after the fact—or are generic resources that people have to go looking for.

This project changes that by putting wellness directly in their hands—through a simple QR code they can scan anywhere in the building. From there, they can instantly access calming tools like breathing exercises, affirmations, or therapeutic coloring pages—customized for staff or Veterans—without logging in, downloading an app, or navigating a complex system.

It solves the problem of accessibility, timing, and relevance—giving people the right kind of support exactly when and where they need it.","To develop a set of interactive, AI-supported wellness tools that can be deployed across VA facilities and remotely, enhancing daily emotional health, reducing burnout, and supporting mental wellness for both staff and veteran populations.","1.	Custom Wellness Exercises

	Breathing techniques tailored to the moment (e.g., quick 1-minute reset, 3-minute calming session, guided deep breathing for stress release)

2.	Personalized Affirmations & Encouragement

	Short, uplifting messages generated based on user type (staff or Veteran) and emotional need (e.g., motivation, calm, grounding)

	
3.	Therapeutic Coloring Page Designs

	Military-themed or wellness-themed images staff and Veterans can print or color digitally, tailored to user preferences
	
4.	Mindset Reset Prompts

	Quick mental focus or grounding exercises for moments of overwhelm, before a shift, or before an appointment
	
5.	Quick-Access QR Links

	AI creates a shareable, scannable QR link to instantly access the right wellness resource without login or app downloads"
VA,Ingestion of TRM and VASI,OIT: Office of Information & Technology,1,0,general_llm,,a) Pre-deployment – The use case is in a development or acquisition status.,"Generative AI: AI that generates new or synthetic content (e.g., images, videos, audio, text, code).",,,Lack of connection between the Technical Reference Model (TRM) and instances of the technology in use in the TRM.,Ease identification of the use of specific technology at the VA and reduce time spent identifying how and where technology is being used.,Comprehensive considerations for solutions already available at VA and how the technology is being used for a solution.
VA,JLV Booster,VHA: Veterans Health Administration,1,0,nlp_specific,,a) Pre-deployment – The use case is in a development or acquisition status.,"Natural Language Processing: AI that processes, interprets, and shares information in human language.",,,"It is difficult for physicians to figure out the details of care that occurred outside the VA. Even when the data exists and can be viewed in Joint Legacy Viewer (JLV), the process of viewing records is time consuming. AI can help summarize the existing external data such that physicians have an idea of what information exists and where to find the full details (no use of AI), if needed.",Improved patient outcomes and increased physician efficiency,Summary of external medical record
VA,Knowtex Ambient Scribe,OIT: Office of Information & Technology,1,0,general_llm,,b) Pilot – The use case has been deployed in a limited test or pilot capacity.,"Generative AI: AI that generates new or synthetic content (e.g., images, videos, audio, text, code).",,,This solution intends to reduce clinician burnout and improve documentation quality.,"Reduced clinician burnout, increased efficiency, improved documentation quality",Draft clinical notes for clinician review
VA,Lambient,VHA: Veterans Health Administration,1,0,general_llm,,a) Pre-deployment – The use case is in a development or acquisition status.,"Generative AI: AI that generates new or synthetic content (e.g., images, videos, audio, text, code).",,,Clinical burnout and decrease amount of late night time for documentation.,Improve clinical staff satisfaction by letting them spend time with the patient and less time documenting the encounter. This would hopefully improve patient satisfaction.,"Generating text by LLM: Lambient is a AI scribe tool that will allow clinical staff to have a ambient listening tool within a patient session. After the session, Lambient is able to draft a clinical note for which a provider can potentially enter into the EHR."
VA,Patient Care Services Integration Platform (PCSIP),VHA: Veterans Health Administration,1,0,general_llm,N/A,b) Pilot – The use case has been deployed in a limited test or pilot capacity.,"Generative AI: AI that generates new or synthetic content (e.g., images, videos, audio, text, code).",,,"1. Improve patient flow at VAMCs so that 20% more Veterans are provided care with existing staff and resources.
2. Enable use of FDA approved devices in FISMA compliant manner.
3. Optimize veteran journey from direct care to community care and back.","1. Improve patient flow at VAMCs so that 20% more Veterans are provided care with existing staff and resources.
2. Enable use of FDA approved devices in FISMA compliant manner so that staff can get the job done easily from VA provided workstations for authentication, authorization, access for read and write to multiple clinical systems 
3. Optimize veteran journey from direct care to community care and back.","1. Estimated time for appointment for patient in Direct Care within VA and Community Care. 
2. Estimated time for patient to reach PACU or Wards in Surgery Workflow. Estimated time for Discharge of patient in Emergency, Surgery, and Wards.
3. Patient Past Medical History Summary generated from Patient Medical Information in Vista/CPRS, Cerner and combined with Outside Records received in PDF format. Patient Summary generated is customized per specialty and per workflow e.g. Emergency, Surgery (Cardiology, Oncology, Orthopedics, Gastroenterology), Anesthesia, Behavioral Health, In-patient Wards.
4. Clinical summary of care provided summarized from Patient Data in EHRs (Epic, Cerner, Meditech, Vista/CPRS) and Ambient Dictation generated note.
5. ICD and CPT codes generated for Ambient Dictation notes for billing optimization.
6. Care Pathways determined from Ambient Dictation between care providers and patients.
7. Case Management notes generated from calls between Case Managers and Care Providers internally within the VA.
8. Ambient AI generated notes specific for workflows and specialties including Emergency, Radiation Oncology, Surgery, Wards, Behavioral Health and Primary Care. 
9. Radiology protocoling notes generated from Patient Info in EHRs and Ambient Dictation."
VA,Privacy Act Automation,VBA: Veterans Benefits Administration,1,0,general_llm,,c) Deployed – The use case is being actively authorized or utilized to support the functions or mission of an agency.,"Generative AI: AI that generates new or synthetic content (e.g., images, videos, audio, text, code).",,,"VBA receives over 160,000 Privacy Act requests each year requiring personnel to retrieve, review, and release these records to the Veteran. Prior to the D.AI solution, this process was highly manual, requiring significant labor resources that led to an ever-increasing backlog. AI is used by the contractor to create a preliminary set of recommended redactions that accelerates the review for VBA staff.","Since D.AI deployed, VA has processed over 25,000 cases through the system, using a smaller team of VA FTE to review and release these cases and reducing response time for lower complexity cases from over a month to less than 4 days. Overall, this solution increases the efficiency of CSD personnel, allowing them to release over a hundred cases a day instead of 3.5, reduces the cost to the government by allowing for eDelivery, and improving the Veteran experience by delivery of quicker and more accessible records.","The D.AI system retrieves documents based on the request type, as defined by VA, and then completes a preliminary processing review based on defined business rules for redaction.  The request is then finalized by VA before release to the Veteran."
VA,SIM VOX for training nursing scenarios,VHA: Veterans Health Administration,1,0,general_llm,,a) Pre-deployment – The use case is in a development or acquisition status.,"Generative AI: AI that generates new or synthetic content (e.g., images, videos, audio, text, code).",,,AI is intended for teaching and clinical training to improve nursing clinical decisions by putting them through a simulated scenario that they may encounter in real life. SIM VOX is an AI Software used to for simulation scenarios on nursuing competencies with mannequins.,Improving clinical and patient outcomes.,Nursing and clinical staff improvements.
VA,Smart Claim Check,VBA: Veterans Benefits Administration,1,0,general_llm,,a) Pre-deployment – The use case is in a development or acquisition status.,"Generative AI: AI that generates new or synthetic content (e.g., images, videos, audio, text, code).",,,Smart Claim Check (SCC) reduces avoidable claims processing errors by addressing the problem of manually reviewing extensive documentation by Veterans Service Representatives (VSRs) to identify and resolve issues. Claims processing errors that can be avoided in the claims process leads to extended wait times for Veterans to receive the benefits to which they are entitled. SCC leverages natural language processing (NLP) and machine learning (ML) to analyze past deferral data and identify common patterns and themes.,"By leveraging these technologies described in #12, Smart Claim Check can automatically review claim documentation, identify common patterns, and offer structured recommendations, including context-specific guidance from the M21-1 manual, confidence scores, and links to relevant sections, thereby expediting the claims review process and reducing avoidable re-work and extended processing times.","The output of the AI system is timely guidance with relevant M21-1 linkage, that will appear in the User Interface (UI) automatically for the claims processors to review and act upon. SCC is referring to these a ""Smart Claim Insights""."
VA,Summarization of Clinical Data,OIT: Office of Information & Technology,1,0,nlp_specific,,a) Pre-deployment – The use case is in a development or acquisition status.,"Natural Language Processing: AI that processes, interprets, and shares information in human language.",,,Give a provider a summarized status of the patient and what has happened to the patient since they last saw the Veteran.,Decreased provider burden and increased time the provider can dedicate to the Veteran during the encounter through increased efficiency.,Summary of the patients clinical data.
VA,Summarize Progress Notes,VHA: Veterans Health Administration,1,0,nlp_specific,,a) Pre-deployment – The use case is in a development or acquisition status.,"Natural Language Processing: AI that processes, interprets, and shares information in human language.",,,Reduce the amount of time required for a healthcare provider to review medical records during an active case within the Clinical Contact Center.,"- Reduced case time per call
- Reduced hold time
- Reduced queue abandonment rate
- Improved Veteran satisfaction
- Improved patient safety",A summary of the patient medical record with the most important elements presented first.
VA,VA AI Assist,OIT: Office of Information & Technology,1,0,general_llm,Aretec SEARCH,a) Pre-deployment – The use case is in a development or acquisition status.,"Generative AI: AI that generates new or synthetic content (e.g., images, videos, audio, text, code).",,,"Reviewing information about a patient prior to an upcoming encounter is an important way in which clinicians prepare for an effective visit. Clinicians are challenged to effectively complete this review prior to encounters, given time constraints and the manual effort required to navigate electronic health record systems to seek the information. This results in a lower effectiveness of the visit and increased clinician burnout.",There is a significant opportunity for AI-powered search and summarization of clinical information to assist clinicians with efficiently and effectively reviewing a patient’s record prior to an encounter.,Outputs include summaries of clinical data from VistA.
VA,VA GPT,OIT: Office of Information & Technology,1,0,general_llm,,c) Deployed – The use case is being actively authorized or utilized to support the functions or mission of an agency.,"Generative AI: AI that generates new or synthetic content (e.g., images, videos, audio, text, code).",,,"VA GPT is intended to improve VA employee efficiency, ultimately improving their service to Veterans. Employees are using to assist with basic administrative tasks (drafting emails, summarizing documents, summarizing meeting notes, etc.)","- Boost productivity e.g., get instant assistance with Writing, Research, and analysis.
- Save time e.g., quickly reformat meeting notes and draft presentations with AI assistance.
- Enhance creativity e.g., generate new ideas and perspectives to tackle challenges in innovative ways.",Outputs include generative AI responses to users' prompts.
VA,VBA Mail Management Services (MMS) - Modification,VBA: Veterans Benefits Administration,1,0,general_llm,,a) Pre-deployment – The use case is in a development or acquisition status.,"Generative AI: AI that generates new or synthetic content (e.g., images, videos, audio, text, code).",,,"We are shifting data capture from back-office processing to the point of first contact. The system validates VA forms in front of the user interactively as it is being submitted, allowing the submitter to verify and correct errors immediately (reduces churn). This will help with claims modernization.",To prevent claims processing inefficiencies in data quality at intake.,Upgrade to QuickSubmit to include a forms validation engine.
VA,Veterans Life Tailored,VHA: Veterans Health Administration,1,0,general_llm,,a) Pre-deployment – The use case is in a development or acquisition status.,"Generative AI: AI that generates new or synthetic content (e.g., images, videos, audio, text, code).",,,"The VLT (Veterans Life Tailored) project, branded as VLT, leverages advanced AI technologies to tailor benefits and support services specifically for veterans. This project harnesses the power of artificial intelligence to analyze vast amounts of data, providing personalized recommendations and streamlined access to a wide array of veteran benefits. Through the use of AI, this product will provide additional information to veterans based on service information. We will suggest benefits with the goal of supporting the application process in the future.","- Improved Veteran and family/beneficiary experience
- Increased number of applications and approvals for benefits",Output will be driven by the AI - it will be a Graphical User Interface (GUI) with information on benefits and links for more information.
VA,VetsEZ Middleware Development,OIT: Office of Information & Technology,1,0,general_llm,Microsoft Teams,a) Pre-deployment – The use case is in a development or acquisition status.,"Generative AI: AI that generates new or synthetic content (e.g., images, videos, audio, text, code).",,,"The HDM middleware environment supports large-scale, secure health data transport across VA systems, but much of its underlying codebase is legacy (e.g., MUMPS, Java, .NET Framework) and complex, with inconsistent documentation and a heavy reliance on senior SMEs.

This leads to: Ongoing technical debt as well-functioning but aging middleware components require careful, phased modernization; Longer onboarding times when new developers need to interpret complex, high-value legacy code without comprehensive documentation; Resource dependencies where mid-tier developers require more direct SME involvement for certain modernization and refactoring tasks; Variation in code patterns that can affect consistency in security, performance, and maintainability across platforms; Slower adoption of modern architectures such as containerized microservices and FHIR integrations.

How AI Solves It: Explain legacy code in plain language, creating complete documentation for knowledge preservation and onboarding; Refactor code for maintainability, performance, and security, reducing technical debt; Generate standardized, efficient middleware code aligned with VA modernization goals; Produce AI-augmented unit tests to detect defects earlier (“shift-left” testing) and increase coverage; All outputs will still undergo human review, VA security scanning, and governance to ensure compliance with Federal Information Security Management Act (FISMA) High standards and VA TRM policy.","For the VA’s Mission: Faster code modernization – AI-assisted refactoring and generation will help transition middleware components from older platforms (MUMPS, Java, .NET Framework) to secure, containerized microservices. 
Improved developer efficiency – By automating repetitive coding & documentation tasks, developers can focus more on high-value modernization work and less on manual rework. 
Knowledge preservation – AI-generated code explanations and documentation reduce the risk of key-person dependency and improve continuity across teams.
Higher code quality  – AI-augmented unit tests and standardized patterns will strengthen maintainability and alignment with FISMA High requirements.
Accelerated delivery cycles – With AI enabling mid-tier developers to work more independently, releases can move through the DevSecOps pipeline faster while maintaining quality and compliance.
For the General Public / Veterans:
Improved reliability of VA systems – Modernized, better-tested middleware helps ensure health and benefits data flows securely and consistently.
Faster implementation of new services – Reduced development cycle times allow Veterans to benefit sooner from new integrations, such as Fast Healthcare Interoperability Resources (FHIR)-based interoperability with community care providers.
Sustained continuity of operations – Documentation and knowledge capture ensure that mission-critical systems can be maintained and improved even as staff transitions occur.","AI System Outputs

The system will produce the following outputs to support HDM middleware modernization:

Code Explanations & Documentation

Plain-language summaries of complex legacy code (e.g., MUMPS, Java, .NET Framework) to aid in developer understanding and onboarding.

Structured documentation suitable for inclusion in VA knowledge repositories.

Refactored Code

Updated, cleaner, and more maintainable versions of existing middleware code that preserve original functionality while improving performance, security, and alignment with modern coding standards.

New Code Segments

Efficient, standardized code snippets or modules to support integration tasks, modernization efforts, and migration to containerized microservices.

AI-Generated Unit Test Scaffolds

Automated creation of baseline unit test templates that improve early defect detection, expand test coverage, and support “shift-left” testing practices.

Code Review Suggestions

Recommendations for improving existing or newly generated code, focusing on maintainability, security, and architectural alignment."
VA,VistA Records Accessed by SQL (VRAS),OIT: Office of Information & Technology,1,0,general_llm,,b) Pilot – The use case has been deployed in a limited test or pilot capacity.,"Generative AI: AI that generates new or synthetic content (e.g., images, videos, audio, text, code).",,,"The VistA Records Accessed by SQL (VRAS) is a transformative initiative aimed at modernizing data accessibility and analytics within the Department of Veterans Affairs (VA).  By eliminating reliance on costly middleware and reducing process overhead, VRAS enables real-time, SQL compatible data access directly from Vista.  

This initiative establishes a seamless, efficient data pipeline, enhancing reporting capabilities, reducing infrastructure complexity, and supporting data-driven decision-making across all VistA instances.  With improved accessibility to high-quality data, VA users can generate timely, accurate insights that drive operational efficiency and better outcomes for departments that directly affect veteran care.",Full AI access to each VistA instance via ODBC/JDBC.,"All VistA Data, from Supply chain to Medical records."
