id,agency_abbreviation,bureau,use_case_name,purpose_benefits,outputs,commercial_ai,dev_method,dev_stage,topic_area,lineage_status
34628,DOL,OWCP,Form Recognition model for Benefits Forms,Custom machine learning model to extract data from complex forms to tag data entries to field headers. The input is a document or scanned image of the form and the output is a JSON response with key/value pairs extracted by running the form against the custom trained form recognition model.,The AI system output is a recommendation.,None of the above.,Developed with both contracting and in-house resources.,Operation and Maintenance,Government Services (includes Benefits and Service Delivery),retired_2024
34629,DOL,Department Wide Initiative,Language Translation,"To automatically translate unofficial documents into various languages quickly and easily, without the time and expense needed for human translation.",Language translation of published documents and websites using natural language processing models.,None of the above.,,Initiated,Mission-Enabling (internal agency support),continued
34630,DOL,OWCP||VETS||WHD,Audio Transcription,Transcription of speech to text for records keeping using natural language processing models.,Text transcription,None of the above.,Developed with contracting resources.,Operation and Maintenance,Mission-Enabling (internal agency support),continued
34631,DOL,EBSA||OHR,Text to Speech Conversion,Text to speech (Neural) for more realistic human sounding applications using natural language processing models.,"Audio files used on Power point presentations,",None of the above.,Developed with contracting resources.,Operation and Maintenance,Mission-Enabling (internal agency support),continued
34632,DOL,OWCP,Claims Document Processing,To identify if physician's note contains causal language by training custom natural language processing models.,Document ranking by likely relevance and sentences highlighting of potentially causal language.,None of the above.,,Retired,Government Services (includes Benefits and Service Delivery),continued
34633,DOL,OTAA,Website Chatbot Assistant,"The chatbot helps the end user with basic information about the program, information on who to contact, or seeking petition case status.","More than AI, it is question and answer bot based on the pre determine question and answers, there is no AI which would give any out put",None of the above.,Developed with both contracting and in-house resources.,Operation and Maintenance,Mission-Enabling (internal agency support),continued
34634,DOL,WHD,Data Ingestion of Payroll Forms,Custom machine learning model to extract data from complex forms to tag data entries to field headers. The input is a document or scanned image of the form and the output is a JSON response with key/value pairs,The output is a JSON response with key/value pairs extracted by running the form against the custom trained model.,None of the above.,,Retired,Mission-Enabling (internal agency support),retired_2024
34635,DOL,OSHA,Hololens,AI used to train Inspectors to visually inspect  unsafe areas from a safe location.,Pictures of the location,None of the above.,Developed with both contracting and in-house resources.,Operation and Maintenance,Education & Workforce,continued
34636,DOL,OSPE,DOL Intranet Website Chatbot Assistant,"Conversational AI Assistant & DOL intranet websites to help answer common procurement questions, as well as specific contract questions.",It will answer question based on the question pertaining to the knowledge base.,None of the above.,Developed with both contracting and in-house resources.,Operation and Maintenance,Mission-Enabling (internal agency support),retired_2024
34637,DOL,OWCP,Official Document Validation,AI detection of mismatched addresses and garbled text in official letters sent to benefits recipients.,The output is a recommendation for review of mismatched a addresses and garbled text in official letters sent to benefits recipients.,None of the above.,,Retired,Mission-Enabling (internal agency support),continued
34638,DOL,Department Wide Initiative,Electronic Records Management,"Meeting NARA metadata standards for (permanent) federal documents by using AI to identify data within the document, and also using NLP to classify and summarize documents.",The system output is decision based and summarization of documents.,None of the above.,,Initiated,Mission-Enabling (internal agency support),continued
34639,DOL,EBSA,Call Recording Analysis,"Automatic analysis of recorded calls made to Benefits Advisors in the DOL Interactive Voice Response (IVR) center. AI is not used for analysis, AI is used only for transcription",The output is a transcription of calls. The AI is only doing the transcriptions,None of the above.,Developed with both contracting and in-house resources.,Operation and Maintenance,Mission-Enabling (internal agency support),continued
34640,DOL,OWCP,Automatic Document Processing,Automatic processing of continuation of benefits form to extract pre-defined selection boxes. AI tool will extract data from the forms.,AI tool will extract data from the forms for further processing,None of the above.,Developed with both contracting and in-house resources.,Operation and Maintenance,Government Services (includes Benefits and Service Delivery),continued
34641,DOL,ETA,Automatic Data Processing Workflow with Form Recognizer,Automatic processing of current complex workflow to extract required data.,The output of the AI system is a consolidated data for review. The GPT will extract the data and into a spreadsheet and gets reconciled.,None of the above.,Developed with both contracting and in-house resources.,Acquisition and/or Development,Mission-Enabling (internal agency support),renamed
34642,DOL,OSHA,Case Recording summarization,Using an open source large language model to summarize publicly available case recording documents which are void of personal identifiable information (PII) or any other sensitive information. This is not hosted in the DOL technical environment and is reviewed by human note takers.,Summarized version of text,None of the above.,,Retired,Mission-Enabling (internal agency support),continued
34643,DOL,BLS,OEWS Occupation Autocoder,The input is state submitted response files that include occupation title and sometimes job description of the surveyed units. The autocoder reads the job title and assigns up to two 6-digit Standard Occupational Classification (SOC) codes along with their probabilities as recommendations for human coders. Codes above a certain threshold are appended to the submitted response file and sent back to states to assist them with their SOC code assignment.,6-digit Standard Occupational Classification (SOC) codes,None of the above.,Developed in-house.,Operation and Maintenance,Mission-Enabling (internal agency support),continued
34644,DOL,BLS,Scanner Data Product Classification,"BLS receives bulk data from some corporations related to the cost of goods they sell and services they provide. Consumer Price Index (CPI) staff have hand-coded a segment of the items in these data into Entry Level Item (ELI) codes. To accept and make use of these bulk data transfers at scale, BLS has begun to use machine learning to label data with ELI codes. The machine learning model takes as input word frequency counts from item descriptions. Logistic regression is then used to estimate the probability of each item being classified in each ELI category based on the word frequency categorizations. The highest probability category is selected for inclusion in the data. Any selected classifications that do not meet a certain probability threshold are flagged for human review. Benefits: real-time turnaround, productivity improvements, cost saves",Entry Level Item codes,None of the above.,Developed in-house.,Operation and Maintenance,Mission-Enabling (internal agency support),continued
34645,DOL,BLS,Expenditure Classification Autocoder,"Purpose: assign a reported expense description from Consumer Expenditure Diary Survey respondents to expense classification categories known as item codes. Benefits: improve productivity, cost savings",BLS-internal item codes (expenditure classification categories),None of the above.,Developed with both contracting and in-house resources.,Operation and Maintenance,Mission-Enabling (internal agency support),continued
34646,DOL,OCIO,Generative AI Assistant,"Private and secure in-house solution to evaluate business use cases that can solve problems using Generative AI models and semantic search. Example use cases include text summarization, text analysis, and document comparisons.",The AI system provides recommendations.,None of the above.,Developed with both contracting and in-house resources.,Operation and Maintenance,Mission-Enabling (internal agency support),renamed
34647,DOL,ETA,Occupation Code Suggestion For Job Duties Data,Suggest appropriate occupation code for job duties data using natural language processing  and classification techniques,Automated Occupation code suggestions,None of the above.,,Retired,Mission-Enabling (internal agency support),continued
34648,DOL,ETA,Notice of Deficiency (NOD) Text Generation using Generative AI model,Application of custom Generative AI model to create Notice of Deficiency (NOD) text based on the input data,Natural language text generation,None of the above.,,Initiated,Mission-Enabling (internal agency support),continued
34649,DOL,OSHA,PII Redaction,Using Amazon Web Services Personal Identifying Information scrubber for ITA text fields and Named Entity Recognition to remove additional names from the text fields.,Input text returned with personal identifying information removed.,None of the above.,Developed with both contracting and in-house resources.,Operation and Maintenance,Mission-Enabling (internal agency support),continued
34650,DOL,ODEP,Website Chatbot Assistant,The chatbot helps the end user with basic information about the Workforce Recruitment Program and information on who to contact.,Generate content from the WRP program,None of the above.,Developed with both contracting and in-house resources.,Operation and Maintenance,Mission-Enabling (internal agency support),retired_2024
34651,DOL,ETA,Initial Determinations for incoming applications,AI tool to help perform initial analysis of the incoming 9141 and 9089 applications. Make initial determinations regarding whether issuance of a Request for Information is necessary. Create a standard RFI request and either (1) automatically issue the RFI before case assignment and hopefully obtain customer responses by the time the case is assigned OR (2) perform this action at case assignment and allow the assignment analyst to affirm and issue the RFI or not.,Flag cases for RFI,None of the above.,,Initiated,Mission-Enabling (internal agency support),continued
34652,DOL,OSHA,AI Course Design Assistant,"AI tool to recommend the structure of a course, titles for modules, descriptions, and images. AI-powered algorithms analyze course content and quickly generate test questions and prompts for authentic assessments. (Blackboard/COTS Product, unmodified)","Generated text and images for Course outlines, descriptions, tests/assessments.",Improving the quality of written communications using AI tools.,,Operation and Maintenance,Education & Workforce,retired_2024
34653,DOL,CEO,Worker PLUS Microsimulation Program,"The Worker PLUS model was developed as an evolutionary iteration of the Paid Family and Medical Leave 
Simulator Model developed by Albelda and Clayton-Matthews (the ACM model)","The model simulates specific leave-taking behavior and outcomes (including number of leaves, leave lengths, benefit levels, and benefit eligibility) with individual workers in a state using data from the five-year American Community Survey (ACS) Public Use Microdata Sample (PUMS)",None of the above.,Developed with contracting resources.,Operation and Maintenance,Government Services (includes Benefits and Service Delivery),continued
34654,DOL,BLS,Computer-Assisted Coding: SOII Autocoder,"The Survey of Occupational Injuries and Illnesses (SOII) collects hundreds of thousands of narratives describing cases of work-related injury and illness annually. Using narratives and other relevant information, SOII Autocoder automatically assigns classifications for SOII elements, which include worker occupation, nature of the injury, part of body affected, event that resulted in the injury, source and secondary source (if it exists) that caused the injury. The use of SOII autocoder initially began in 2012 for review purposes, then gradually expanded to automatically assign these classification codes. In reference year (RY) 2022, 92% of all SOII elements were automatically coded, which were then subsequently validated by human staff.

The SOII Autocoder is a transformer-based text classification model using millions of SOII cases as the labeled training data and a publicly available, third-party language model as a pre-trained base model. The Autocoder is trained annually in house using a GPU server that is owned and maintained by OCWC. Once trained, the Autocoder is deployed internally via REST API, autocoding batches of SOII and MSHA cases on a routine basis during the production cycle, all within the BLS network.",SOC and OIICS codes,None of the above.,Developed in-house.,Operation and Maintenance,Mission-Enabling (internal agency support),continued
34655,DOL,BLS,CFOI Record Matching,"The Census of Fatal Occupational Injuries (CFOI) collects and publishes a complete count of work-related fatal injuries and descriptive data on their circumstances. The CFOI Record Matching programs matches records from various sources, including Occupational Safety and Health Administration (OSHA) Information System (OIS) files, news articles, and Quarterly Census of Employment and Wages (QCEW), to identify missing or inconsistent data in CFOI.

The CFOI Record Matching programs use various aspects of AI in the areas of natural language processing and record matching. The CFOI-OIS matching uses random forest classifier model trained on previously matched CFOI-OIS data. The CFOI-QCEW matching uses TF-IDF vectors and cosine similarity to match establishment names in the CFOI-QCEW data. And the CFOI-CPDMS matching uses a publicly available, third-party question-answering language model to identify relevant CFOI elements from CPDMS data and then uses random forest classifier model to match CPDMS data to CFOI data. These processes are all conducted within the BLS network, and the outputs, in the form of spreadsheets, are provided once or twice a year to the staff in the CFOI program for review. These processes are all run within the BLS network.",Similarity score between records,None of the above.,Developed in-house.,Operation and Maintenance,Mission-Enabling (internal agency support),continued
34656,DOL,OSHA,OIICS Coding,Auto-code assigning Occupational Injury and Illness Classification (OIICS),"Manual coding would be a time-consuming task, estimated to require around 65,500 labor hours for initial coding, plus additional time for error correction.",None of the above.,,Initiated,Mission-Enabling (internal agency support),continued
34657,DOL,OCIO,AI Assisted coding -Microsoft GitHub Copilot,"Automatically generate software code using Microsoft Copilot, this will reduce the time for generating code","Automatically generate software code using Microsoft Copilot, this will reduce the time for generating code",None of the above.,Developed in-house.,Operation and Maintenance,Mission-Enabling (internal agency support),retired_2024
34658,DOL,BLS,CPS OTC Prediction,"The BLS productivity office publishes measures of hours worked by major sector and industry. As part of the calculation for this measure, BLS uses Current Employment Statistics (CES) data on hours paid is used to estimate hours for payroll workers. Additional adjustments are made to this measure, such as removing paid time off (PTO), adding off-the-clock (OTC) hours, and adding in hours worked by self-employed and unpaid family workers. BLS uses the Current Population Survey (CPS) dataset to identify the amount of hours that are worked off-the-clock (OTC) by workers. There are some workers in the CPS dataset that do not report whether their time off was paid, or whether they get paid hourly or not. This data needs to be imputed to calculate the ratio of total hours worked to paid hours worked. A random forest model is used to predict the responses for workers that did not report this information by training it on characteristics (such as industry, occupation, education level, age, etc.) of respondents that have reported that information. The benefit of this AI use case is increased accuracy.","worker's time off was paid, or whether they get paid hourly or not",None of the above.,Developed in-house.,Operation and Maintenance,Mission-Enabling (internal agency support),continued
34659,DOL,BLS,Sample Refinement: Frame API,"BLS establishment-based surveys, such as the Survey of Occupational Injuries and Illnesses (SOII), the National Compensation Survey (NCS), and the Occupational Requirements Survey (ORS), use the Longitudinal Database (LDB) as the frame for their survey samples. For each of these programs, there is a significant time-lag between when the sample is drawn for a program and when data collection begins. A critical and time-consuming part of data collection is sample refinement: checking the latest Quarterly Census of Employment and Wages (QCEW) and LDB data to adjust for any changes to the sampled establishment during that time-lag. The QCEW/LDB Frame API allows fast retrieval of the latest QCEW/LDB data for a nationwide sample so that users can perform sample refinement more efficiently. The SOII program uses the Frame API to perform over 20 sample refinement comparison checks, which outputs a report for the data collectors.

The Frame API uses TF-IDF vectors and cosine similarity to compare company names, mailing addresses, and unit descriptions between the survey sample and the latest QCEW/LDB data to determine what components may have changed. The Frame API also has the flexibility for the users to match records using other combinations of variables. These processes are all run within the BLS network.",Similarity score between records,None of the above.,Developed in-house.,Operation and Maintenance,Mission-Enabling (internal agency support),continued
34660,DOL,BLS,CE Interview Item Code Estimation,"Custom machine learning model to predict an expense classification category (item code) for expenditures with text descriptions from Consumer Expenditure Interview Survey. Item Code Estimation assists with human function by approximating decision-making. It does not assign categories; it only suggests categories that the economist can then apply if correct, to speed up human review and decision-making. Benefits: improved productivity.",Expense Classification Category,None of the above.,Developed in-house.,Operation and Maintenance,Mission-Enabling (internal agency support),continued
34661,DOL,BLS,CE Interview Imputations,"Custom machine learning statistical models to impute missing expenditure values within the Consumer Expenditure Interview Survey when survey respondents answer ""don't know"" or refuse to provide an answer for an amount. The machine learning models are a more modern statistical method for replacing missing data than previous statistical methods. Benefits: improved statistical quality of imputations.",Imputed expense amounts,None of the above.,Developed in-house.,Operation and Maintenance,Mission-Enabling (internal agency support),continued
34662,DOL,OCIO,Note taking bot,The bot will take the transcript and summarize the meeting notes,The output will be a transcript of the meeting and from the transcript summary and action items,None of the above.,,Initiated,Mission-Enabling (internal agency support),continued
34663,DOL,OSHA,Determine Occupation Codes from Text (NIOCCS),"The Industry and Occupation Computerized Coding System (NIOCCS), a free tool offered by NIOSH, used to code industry and occupation from text descriptions of job titles. (Public Tool)",Occupational codes by analyzing job descriptions.,Digitizing text from scanned documents or smart forms for archival purposes using AI.,,Acquisition and/or Development,Mission-Enabling (internal agency support),continued
34664,DOL,OCIO,Camtasia,Intended for enhancing screen recordings and video tutorials. Helps users created professional videos quickly.,Videos,Creating visually appealing presentations using AI-driven design suggestions.,,Acquisition and/or Development,Education & Workforce,retired_2024
34665,DOL,OCIO,Adobe Premier Pro,"Assists video editors by automating complex tasks such as scene detection, video reframing, and color grading.--- Adobe Premiere Pro incorporates several AI components through its integration with Adobe Sensei, Adobe's artificial intelligence and machine learning platform. These AI-driven features are designed to enhance the video editing process, improve efficiency, and provide creative tools that simplify complex tasks.",Intuitive videos,Creating visually appealing presentations using AI-driven design suggestions.,,Operation and Maintenance,Mission-Enabling (internal agency support),retired_2024
34666,DOL,OCIO,Audiate,"Audiate primarily uses AI for  Speech-to-text transcription, text-based audio and video editing, AI-generated scripts and audio, text-to-speech conversion, and multilingual translation.",Text transcriptions from voice recordings.,Transcribing and summarizing a recorded meeting or interview using AI.,,Acquisition and/or Development,Education & Workforce,retired_2024
34667,DOL,OCIO,SnagIT,"SnagIT provides tools for quickly capturing, editing, and sharing visual content. SnagIt's Optional Character Recognition streamlines the process for extracting and reusing text from images.","Screenshots and screen recordings.  SnagIt AI’s Grab Text
Image Generation
Automatic Captions
Automatic Titles",Digitizing text from scanned documents or smart forms for archival purposes using AI.,,Acquisition and/or Development,Education & Workforce,retired_2024
34668,DOL,OCIO,Facebook Mobile App,"AI is not the primary technology of the use case and is not necessary for the use case, but rather a feature within the application that cannot be turned off. The application use case is for PR needs and external communication to the public coming from the Department.","MetaAI offer search and chatbot assistance with the Facebook application. Ask Meta AI to search topics that matter to you, and get instant results more interactive than just text.",Curating news articles and updates based on user preferences using AI.,,Operation and Maintenance,Mission-Enabling (internal agency support),retired_2024
34669,DOL,OCIO,Google Authenticator Mobile App,"Google Authenticator adds an extra layer of security to your online accounts by adding a second step of verification when you sign in. This means that in addition to your password, you'll also need to enter a code that is generated by the Google Authenticator app on your phone",Large number generation for matching for secure login.,Unlocking smartphones or other devices without the need for passwords or PINs using AI-based facial recognition.,,Operation and Maintenance,Mission-Enabling (internal agency support),retired_2024
34670,DOL,OCIO,Google Maps Mobile App,"Get there faster with real-time updates
• Beat traffic with real-time ETAs and traffic conditions
• Catch your bus, train, or ride-share with real-time transit info
• Save time with automatic rerouting based on live traffic, incidents, and road closure
• With Live View in Google Maps, see the way you need to go with arrows and directions placed right on top of your world. There’s no second guessing or missing another turn.","Recommendation systems, real-time traffic and route prediction",Planning travel routes using AI-driven map applications.,,Operation and Maintenance,Mission-Enabling (internal agency support),retired_2024
34671,DOL,OCIO,Instagram Mobile App,"Keep up with friends on the fly with Stories and Notes that disappear after 24 hours.
Start group chats and share unfiltered moments with your Close Friends.
Share memories from recent events or trips in Feed.
Turn your life into a movie and discover short, entertaining videos on Instagram with Reels.
Customize your posts with exclusive templates, music, stickers and filters.","NLP, Communications",Curating news articles and updates based on user preferences using AI.,,Operation and Maintenance,Mission-Enabling (internal agency support),retired_2024
34672,DOL,OCIO,Microsoft Authenticator Mobile App,"Use Microsoft Authenticator for easy, secure sign-ins for all your online accounts using multi-factor authentication, passwordless, or password autofill. You also have additional account management options for your Microsoft personal, work or school accounts.","Authentication, random large number generation",Unlocking smartphones or other devices without the need for passwords or PINs using AI-based facial recognition.,,Operation and Maintenance,Mission-Enabling (internal agency support),retired_2024
34673,DOL,OCIO,Periscope Mobile App,"Periscope the place to show what’s happening in your world, creating vibrant communities and making the app what it was. The Periscope mobile app will be discontinued on March 31, 2021, but live video will live on as an important part of the conversation on Twitter.","NLP, Communications",Curating news articles and updates based on user preferences using AI.,,Operation and Maintenance,Mission-Enabling (internal agency support),retired_2024
34674,DOL,OCIO,X (formerly Twitter) Mobile App,"Post content for the world to see and join public conversations
Stay up to date on breaking news and follow your interests
Stay better informed with extra context from Community Notes
Go live with Spaces for audio or stream live video
Communicate privately with Direct Messages","NLP, Communications",Curating news articles and updates based on user preferences using AI.,,Acquisition and/or Development,Mission-Enabling (internal agency support),retired_2024
34675,DOL,OCIO,Dragon Naturally Speaking,"Nuance Dragon Naturally Speaking is a software used for diction purposes, you can write any document, email, and use it with any applications using your voice.",NLP: text to voice. Audio output from text input,Transcribing and summarizing a recorded meeting or interview using AI.,,Operation and Maintenance,Mission-Enabling (internal agency support),retired_2024
34676,DOL,OCIO,ZoomText and ZoomText Professional,ZoomText Magnifier/Reader is a fully integrated magnification and reading program tailored for low-vision users.,Text to speech,Improving the quality of written communications using AI tools.,,Operation and Maintenance,Education & Workforce,retired_2024
34677,DOL,OCIO,Visual Studio,"Visual Studio IDE is a creative launching pad that you can use to edit, debug, and build code, and then publish an app.","Content creation. Can vary depending on the specific tasks and goals of the user. Common outputs include executable applications, libraries, or web applications. --- There are multiple version of it. Visual Studio incorporates several AI components to enhance the development experience for programmers and software engineers. These AI features are primarily aimed at improving productivity, code quality, and collaboration.",Collaborating in real-time using AI-assisted tools in word processors.,,Operation and Maintenance,Mission-Enabling (internal agency support),retired_2024
34678,DOL,OCIO,ABBYY FineReader,"ABBYY FineReader is an optical character recognition (OCR) system. It is used to convert scanned documents, PDF documents, and image files, including digital photos, into editable formats.","The output of ABBYY FineReader is the extracted and recognized text from the input document. It converts the text into editable formats such as Word documents, Excel spreadsheets, searchable PDFs, or plain text files. Text generation, Image to text",Digitizing text from scanned documents or smart forms for archival purposes using AI.,,Operation and Maintenance,Mission-Enabling (internal agency support),retired_2024
34679,DOL,OCIO,Google Earth Pro,"Google Earth Pro is a free desktop tool with advanced GIS and mapping features. With this tool, users can create maps, import and export GIS data, and access historical images.","A 3D representation of the Earth's surface, with satellite imagery and aerial photography providing a detailed view of different locations worldwide. --- Create and collaborate on immersive, data-driven maps from anywhere, with the new Google Earth. See the world from above with high-resolution satellite imagery, explore 3D terrain and buildings in hundreds of cities, and dive in to streets and neighborhoods with Street View's 360° perspectives. Image Generation Content creation Graphic Design Automation",Planning travel routes using AI-driven map applications.,,Operation and Maintenance,Mission-Enabling (internal agency support),retired_2024
34680,DOL,OCIO,Adobe Creative Cloud and Adobe Product Suite,"After Effects - Create cinematic movie titles, intros, and transitions. Remove an object from a clip. Start a fire or make it rain. Animate a logo or character. With After Effects, the industry-standard motion graphics and visual effects software, you can take any idea and make it move.

- > Audition is a comprehensive toolset that includes multitrack, waveform, and spectral display for creating, mixing, editing, and restoring audio content. This powerful audio workstation is designed to accelerate video production workflows and audio finishing — and deliver a polished mix with pristine sound.

- > Bridge is a powerful creative asset manager that lets you preview, organize, edit, and publish multiple creative assets quickly and easily.

- > Captivate is an authoring tool that is used for creating eLearning content such as software demonstrations, software simulations, branched scenarios, and randomized quizzes in HTML5 format.

- > Character Animator uses your expressions and movements to animate characters in real time.

- > Dimension - Create engaging content in 3D faster, with high-quality models, materials, and lighting. Dimension makes it easy to build brand visualizations, illustrations, product mockups, packaging designs, and other creative work.

- >Dreamweaver - Adobe Dreamweaver is a proprietary web development tool from Adobe Inc.

- >  Fuse CC Beta is part of Creative Cloud and comes with Adobe CreativeSync, so your assets are always at your fingertips right when you need them. Save the characters you create in Fuse to your Creative Cloud Libraries and then access them directly within Photoshop to take them further.

- > Illustrator - Edit, composite, and create beautiful images, graphics, and art on desktop and iPad.

- > InCopy - lets copywriters and editors style text, track changes, and make simple layout modifications to a document.

- > InDesign - Design and publish elegant layouts for print and digital.

- > LightRoom - The cloud-based photo service

- > PhotoShop - Edit, composite, and create beautiful images, graphics, and art on desktop and iPad.

- > Premiere Pro is a video editing software for film, TV, the web, creative tools, and integration with other apps and services.

- > XD is a vector-based user experience design tool for web apps and mobile apps.","Various types of creative content such as graphics, videos, websites, and more. --- Adobe Creative Cloud leverages AI through Adobe Sensei to enhance various applications, making creative processes more efficient, accurate, and innovative.",Creating visually appealing presentations using AI-driven design suggestions.,,Operation and Maintenance,Mission-Enabling (internal agency support),retired_2024
34681,DOL,OCIO,Autodesk,Autodesk Civil 3D® design software empowers civil engineers to meet complex infrastructure challenges in a 3D model-based environment.,"Detailed 3D models and visual simulations for civil engineering projects. ---  Autodesk Civil 3D incorporates AI components and features that enhance civil engineering design and drafting processes. These features leverage machine learning and automation to improve productivity, accuracy, and efficiency in tasks related to land development, transportation, and infrastructure projects.",Creating visual representations of data sets for reports and presentations using AI.,,Operation and Maintenance,Mission-Enabling (internal agency support),retired_2024
34682,DOL,OCIO,AI Course Design Assistant,"AI tool to recommend the structure of a course, titles for modules, descriptions, and images. AI-powered algorithms analyze course content and quickly generate test questions and prompts for authentic assessments. (Blackboard/COTS Product, unmodified)","Generated text and images for Course outlines, descriptions, tests/assessments.",Improving the quality of written communications using AI tools.,,Operation and Maintenance,Mission-Enabling (internal agency support),retired_2024
34683,DOL,OCIO,Webex Meeting Transcription,"Webex has an internal transcription feature that is used to transcribe webinars, though it is reviewed by someone before the transcript is posted.",Real-time transcriptions of spoken words during meetings.,Transcribing and summarizing a recorded meeting or interview using AI.,,Initiated,Mission-Enabling (internal agency support),retired_2024
34684,DOL,OCIO,Omni Page Ultimate 19,Convert physical documents or image-based text into editable digital text.,"Searchable and editable text from scanned or image-based documents. Object recognition OCR
Document Digitization
Text Recognition",Digitizing text from scanned documents or smart forms for archival purposes using AI.,,Operation and Maintenance,Mission-Enabling (internal agency support),retired_2024
34685,DOL,OCIO,Tableau Public 2023,"Allows users to share data visualizations, providing interactive insights.","Interactive visualizations such as charts, graphs, and dashboards that are easy to interpret and share. Data visualization
Data Classification
Predictive Analytics",Creating visually appealing presentations using AI-driven design suggestions.,,Operation and Maintenance,Mission-Enabling (internal agency support),retired_2024
34686,DOL,OCIO,Adobe Acrobat Professional Latest Version,Streamlines document workflows.,"Text-searchable PDFs, form-filled documents, and automatically structured files. Document management
PDF Text Recognition (OCR)
Document Layout Analysis",Improving the quality of written communications using AI tools.,,Operation and Maintenance,Mission-Enabling (internal agency support),retired_2024
34687,DOL,OCIO,Tableau Creator (Desktop and Prep),"Enable analysts to connect, prepare, and visualize data.","visual data dashboards, reports, and predictive models. Data Analysis
Predictive Analytics
Data Classification",Creating visual representations of data sets for reports and presentations using AI.,,Operation and Maintenance,Mission-Enabling (internal agency support),retired_2024
34688,DOL,OCIO,Grammarly 14,"Improve writing by correcting grammar, punctuation, and style errors while suggesting tone adjustments. NLP
Grammar Correction
Tone Detection","Grammatically correct, well-structured, and contextually appropriate text.",Improving the quality of written communications using AI tools.,,Operation and Maintenance,Mission-Enabling (internal agency support),retired_2024
34689,DOL,OCIO,Adobe Creative Cloud with Acrobat Pro Latest Version,"Intended for enhancing creative workflows by automating repetitive tasks, improving accuracy of search functions, and enabling more advanced image manipulation and video editing. Object recognition
Image Generation
NLP","Images, Videos, Content",Creating visual representations of data sets for reports and presentations using AI.,,Operation and Maintenance,Mission-Enabling (internal agency support),retired_2024
34690,DOL,OCIO,Microsoft Project Office 365,"Assists project managers in planning, scheduling, and managing resources. Project Scheduling
Task automation
Resource Allocation","Optimized project timelines, resource schedules, and predictive alerts.",Scheduling meetings or appointments or setting reminders using AI.,,Operation and Maintenance,Mission-Enabling (internal agency support),retired_2024
34691,DOL,OCIO,Stata/MP 18,"Provides advanced statistical tools for data scientists and researchers to analyze large datasets and build predictive models. Statistical modeling
Data Analysis
Predictive Analytics","Statistical analysis reports, regression models, and predative insights based on large data sets.",Creating visual representations of data sets for reports and presentations using AI.,,Operation and Maintenance,Mission-Enabling (internal agency support),retired_2024
34692,DOL,OCIO,Dragon Legal Individual (Speech Recognition),Helps legal professionals transcribe spoken language into text.,Outputs transcriptions of legal dictations and spoken languages.,Transcribing and summarizing a recorded meeting or interview using AI.,,Operation and Maintenance,Mission-Enabling (internal agency support),retired_2024
34693,DOL,OCIO,Speechify Text to Speech Voice Reader Chrome Extension 9,Converts written text into natural-sounding speech.,Synthesized speech from written text in various voices and languages.,Transcribing and summarizing a recorded meeting or interview using AI.,,Operation and Maintenance,Mission-Enabling (internal agency support),retired_2024
34694,DOL,OCIO,Adobe Creative Cloud / Adobe Express AI feature,Helps users create visual content quickly through AI-driven automation.,"Graphics, posters, and social media content. Image Generation
Content Creation
Graphic Design Automation",Creating visually appealing presentations using AI-driven design suggestions.,,Operation and Maintenance,Mission-Enabling (internal agency support),retired_2024
34695,DOL,OCIO,Westlaw Precision & CoCounsel,"Helps professionals find relevant case law, statutes, and legal precedents.","Legal documents, case analysis, and predictions for legal outcomes.",Searching for information using AI.,,Operation and Maintenance,Law & Justice,retired_2024
34696,DOL,OCIO,Kurzweil,"Kurzweil 1000 makes printed or electronic text accessible to people with blindness and visual impairments, speaking text aloud in a variety of natural-sounding voices that can be modified to individual preferences.",NLP: text to voice. Audio output from text input,Transcribing and summarizing a recorded meeting or interview using AI.,,Operation and Maintenance,Mission-Enabling (internal agency support),retired_2024
34697,DOL,OCIO,Microsoft Office Suite,"Microsoft Office Suite is a collection of productivity software applications developed by Microsoft. It is widely used for various personal, educational, and business tasks","create slideshows combining text, images, and multimedia. creating, editing, and formatting text documents",Improving the quality of written communications using AI tools.,,Operation and Maintenance,Mission-Enabling (internal agency support),retired_2024
36126,ED,CAM,Generative AI Usage,"when prompted with written paragraphs, AI will provide summaries and outlines for projects and presentations",recommendation of text paragraphs,Searching for information using AI.,,Operation and Maintenance,Other,retired_2024
36127,ED,FSA,Generative AI Usage,"When prompted with written paragraphs, AI will provide code snippets in various languages",code snippets,Searching for information using AI.,,Operation and Maintenance,Other,retired_2024
36128,ED,FSA,Generative AI Usage,"When prompted with written paragraphs, AI suggests possible courses of actions for given scenarios",paragraphs outlining potential courses of action,Searching for information using AI.,,Operation and Maintenance,Other,retired_2024
36129,ED,FSA,Generative AI Usage,"When given publicly available documents or articles, AI provides key points, summaries, and action items",Text and Data summaries.,Searching for information using AI.,,Operation and Maintenance,Other,renamed
36130,ED,FSA,Generative AI Usage,"When provided with outlines or ideas, AI provides sample paragraphs that may assist in the writing process",recommendation of text paragraphs,Searching for information using AI.,,Operation and Maintenance,Other,retired_2024
36131,ED,GMPD,Generative AI Usage,"When prompted with written paragraphs, AI will create paragraphs and images to augment visual designs for web design and communication",written paragraphs and images,Creating visually appealing presentations using AI-driven design suggestions.,,Operation and Maintenance,Other,retired_2024
36132,ED,GMPD,Generative AI Usage,"When prompted with written paragraphs, AI will provide code snippets in various languages",Excel or Power BI DAX formulas,Searching for information using AI.,,Operation and Maintenance,Other,retired_2024
36133,ED,IES,Generative AI Usage,"When prompted with function descriptions, AI will provide snippets of R code for data analysis",code snippets,Searching for information using AI.,,Operation and Maintenance,Other,retired_2024
36134,ED,IES,Generative AI Usage,"When provided with outlines or ideas, AI provides sample paragraphs that may assist in the communications process",recommendation of text paragraphs,Searching for information using AI.,,Operation and Maintenance,Other,retired_2024
36135,ED,IES,Generative AI Usage,"When prompted with SAS Syntax, AI will provide suggestions of code optimization opportunities",code snippets,Searching for information using AI.,,Operation and Maintenance,Other,retired_2024
36136,ED,OCDO,Generative AI Usage,"AI is used to train employees on prompt engineering, by comparing the performance of generated code snippets.",code snippets,Searching for information using AI.,,Operation and Maintenance,Other,retired_2024
36137,ED,OCDO,Generative AI Usage,AI is used to convert between related data types (county name to county FIPS code),data sets,Searching for information using AI.,,Operation and Maintenance,Other,retired_2024
36138,ED,OCDO,Generative AI Usage,AI is used to assist in training employees by generating paragraphs and images related to the topic,recommendation of text paragraphs,Searching for information using AI.,,Operation and Maintenance,Other,retired_2024
36139,ED,OCDO,Generative AI Usage,AI is used to generate mock data sets for testing,data sets,Searching for information using AI.,,Operation and Maintenance,Other,retired_2024
36140,ED,OCIO,Generative AI Usage,AI is used to generate sample snippets of code to inform users in language syntax and troubleshooting,code snippets,Searching for information using AI.,,Operation and Maintenance,Other,retired_2024
36141,ED,OCIO,Generative AI Usage,"When prompted with written paragraphs, AI will generate portions of outreach strategies, outline project plans, and brainstorm ideas",recommendation of text paragraphs,Searching for information using AI.,,Operation and Maintenance,Other,retired_2024
36142,ED,OCIO,Generative AI Usage,AI is used to research and analyze public articles and policies to extract action items,Text and Data summaries.,Searching for information using AI.,,Operation and Maintenance,Other,retired_2024
36143,ED,OCIO,Generative AI Usage,"AI will be provided with fabricated examples of prohibited prompt information, to ensure proper filters and data loss prevention methods are in place",test results,Searching for information using AI.,,Operation and Maintenance,Other,renamed
36144,ED,OCIO,Generative AI Usage,"AI is leveraged to suggest descriptive paragraphs, workflow diagrams, and qualifications for public positions",recommendation of text paragraphs,Searching for information using AI.,,Operation and Maintenance,Other,retired_2024
36145,ED,OCR,Generative AI Usage,"AI is provided with publicly available examples of document structures, and prompted to create new documents in this format",recommendation of text paragraphs,Searching for information using AI.,,Operation and Maintenance,Other,retired_2024
36146,ED,OCR,Generative AI Usage,AI is used to create sample DAX code to assist in the creation of charts and tables for data analysis.,code snippets,Searching for information using AI.,,Operation and Maintenance,Other,retired_2024
36147,ED,OCO,Generative AI Usage,"AI is used to help with message communication in written paragraphs, helping to create text that will generate interest from viewers",recommendation of text paragraphs,Searching for information using AI.,,Operation and Maintenance,Other,retired_2024
36148,ED,OCTAE,Generative AI Usage,AI provides examples of the latest technologies that can assist in the development of code,recommendation of text paragraphs,Searching for information using AI.,,Operation and Maintenance,Other,retired_2024
36149,ED,OCTAE,Generative AI Usage,"AI is provided with publicly available images, and asked to describe them for 508 accessibility compliance",recommendation of text paragraphs,Searching for information using AI.,,Operation and Maintenance,Other,retired_2024
36150,ED,ODS,Generative AI Usage,AI is used to generate snippets of code that can be used for data visualization,code snippets,Searching for information using AI.,,Operation and Maintenance,Other,retired_2024
36151,ED,ODS,Generative AI Usage,"AI is used to create summaries of publicly available reports, policies, and media",Text and Data summaries.,Searching for information using AI.,,Operation and Maintenance,Other,retired_2024
36152,ED,ODS,Generative AI Usage,AI is used to generate email templates and drafts of content for public consumption,recommendation of text paragraphs,Searching for information using AI.,,Operation and Maintenance,Other,retired_2024
36153,ED,OESE,Generative AI Usage,"When prompted with paragraphs, AI provides code snippets to assist in data analysis and troubleshooting in power BI and python",code snippets,Searching for information using AI.,,Operation and Maintenance,Other,retired_2024
36154,ED,OESE,Generative AI Usage,AI is used to search publicly available awards and progress reports to identify trends in specific programs and provide summary narratives,Text and Data summaries.,Searching for information using AI.,,Operation and Maintenance,Other,retired_2024
36155,ED,OESE,Generative AI Usage,"AI provides public policy analysis, templates of written materials, sample paragraphs, and drafts of memos using publicly available data",recommendation of text paragraphs,Searching for information using AI.,,Operation and Maintenance,Other,retired_2024
36156,ED,OET,Generative AI Usage,"AI is used to generate text for many uses, including: sample drafts for emails, potential blog posts for schools and districts, and social media posts, titles, blogs, and webinars.",recommendation of text paragraphs,Searching for information using AI.,,Operation and Maintenance,Other,retired_2024
36157,ED,OFO,Generative AI Usage,"AI is prompted with written paragraphs, requesting a list of potential uses for AI in Department business",recommendation of text paragraphs,Searching for information using AI.,,Operation and Maintenance,Other,retired_2024
36158,ED,OFO,Generative AI Usage,Code snippets are generated to assist in Data analysis and statistics,code snippets,Searching for information using AI.,,Operation and Maintenance,Other,retired_2024
36159,ED,OFO,Generative AI Usage,"Paragraphs are generated, assisting employees in project plan documentation, writing program communications and offerings, and identifying potential learning materials",recommendation of text paragraphs,Searching for information using AI.,,Operation and Maintenance,Other,retired_2024
36160,ED,OGC,Generative AI Usage,"To assist in the identification of legal and civil rights issues, AI is used to find and summarize publicly available cases involving AI",Text and Data summaries.,Searching for information using AI.,,Operation and Maintenance,Other,retired_2024
36161,ED,OGC,Generative AI Usage,"AI is requested to provide summaries of the strengths and weaknesses of AI tools, and identify opportunities, risks, and benefits of AI usage",recommendation of text paragraphs,Searching for information using AI.,,Operation and Maintenance,Other,retired_2024
36162,ED,OGC,Generative AI Usage,Approved AI tools are tested to evaluate their capability to provide legal information,recommendation of text paragraphs,Searching for information using AI.,,Operation and Maintenance,Other,retired_2024
36163,ED,OGC,Generative AI Usage,"AI is used to gather information and learn about the structure of contracts, state and federal laws, and collective bargaining.",Text and Data summaries.,Searching for information using AI.,,Operation and Maintenance,Other,retired_2024
36164,ED,OPE,Generative AI Usage,AI is tested to evaluate the breadth of available information surrounding Congressional Directives,Text and Data summaries.,Searching for information using AI.,,Operation and Maintenance,Other,retired_2024
36165,ED,OPE,Generative AI Usage,"When prompted with written paragraphs, AI generates Excel Macros and Complex Formulae.",code snippets,Searching for information using AI.,,Operation and Maintenance,Other,retired_2024
36166,ED,OPE,Generative AI Usage,"AI is used to research an synthesize topics for deeper discussion, brainstorm project ideas, and explore potential use cases for educators or department stakeholders",recommendation of text paragraphs,Searching for information using AI.,,Operation and Maintenance,Other,retired_2024
36167,ED,OPE,Generative AI Usage,"Public AI tools are used to summarize publicly available documents form various federal sources, and identify sections of text relevant to specified topics.",Text and Data summaries.,Searching for information using AI.,,Operation and Maintenance,Other,retired_2024
36168,ED,OPE,Generative AI Usage,"AI tools provide drafts of narratives, marketing materials, public webinar scripts, and engagement related documents",recommendation of text paragraphs,Searching for information using AI.,,Operation and Maintenance,Other,retired_2024
36169,ED,OSERS,Generative AI Usage,AI is tested to provide a review of the potential uses of AI and to provide a comprehensive understanding of the tools,Text and Data summaries.,Searching for information using AI.,,Operation and Maintenance,Other,retired_2024
36170,ED,OSERS,Generative AI Usage,AI is prompted to provide snippets of VBA Code and complex formulae for Excel,code snippets,Searching for information using AI.,,Operation and Maintenance,Other,retired_2024
36171,ED,OSERS,Generative AI Usage,"Using written paragraphs, AI is prompted to create images representing the Team Values created by OSERS teams",Images and Icons,Searching for information using AI.,,Operation and Maintenance,Other,retired_2024
36172,ED,OSERS,Generative AI Usage,AI tools provide summaries of accomplishment reports in scholarly and leadership fields,Text and Data summaries.,Searching for information using AI.,,Operation and Maintenance,Other,retired_2024
36173,ED,OSERS,Generative AI Usage,"AI tools provide summaries of publicly available assistance materials, publicly shared materials, and public development programs",Text and Data summaries.,Searching for information using AI.,,Operation and Maintenance,Other,retired_2024
36174,ED,OSERS,Generative AI Usage,"AI tools provide examples of paragraphs to augment written materials including blog posts, presentation for conferences, newsletters, and talking points",recommendation of text paragraphs,Searching for information using AI.,,Operation and Maintenance,Other,retired_2024
36175,ED,OUS,Generative AI Usage,"Written paragraphs are generated to assist in drafting public remarks, summarizing public hearings, and extract bullets from publicly available documentation",recommendation of text paragraphs,Searching for information using AI.,,Operation and Maintenance,Other,retired_2024
36176,ED,OUS,Generative AI Usage,"AI is prompted to provide instances where AI technology can be used to assist in the higher education arena, helping to identify how AI policy should be shaped.",written paragraphs,Searching for information using AI.,,Operation and Maintenance,Other,retired_2024
36177,ED,OFO,CAISY - Artificial Intelligence System Skillsoft Percipio Assessment for the Department Use,"CAISY is designed to enhance decision-making and operational efficiency by delivering real-time insights, predictive analytics, and intelligent automation. By streamlining repetitive tasks and improving situational awareness, it helps organizations reduce costs, boost productivity, and make more accurate, data-driven decisions.","Insights, analytics, and automated solutions",Searching for information using AI.,,Operation and Maintenance,Education & Workforce,continued
36178,ED,OUS,"Otter.ai - for Public-Facing Meetings, Webinars, and Hearings","Otter.AI is designed to enhance communication and productivity by providing real-time transcription and collaboration tools for meetings, interviews, lectures, and other audio interactions. It enables users to focus on conversations while generating accurate, searchable transcripts, improving accessibility, saving time, and streamlining the organization of critical information.",Written Paragraphs,Transcribing and summarizing a recorded meeting or interview using AI.,,Operation and Maintenance,Other,renamed
36179,ED,FSA,AWS Bedrock- Amazon Bedrock in FSA EDMAPS Assessment for the Department Use,"AWS Bedrock enables organizations to build and scale applications powered by foundation models, supporting use cases such as text generation, summarization, conversational AI, personalization, and content creation, with seamless integration into existing AWS services and infrastructure.",Written text,Searching for information using AI.,,Implementation and Assessment,Other,renamed
34698,EPA,Office of Mission Support,GovChat,The purpose of this application is to provide a generative AI chatbot tool to EPA staff. It is materialized as a web site user interface which users interact with on their web browser when on the EPA network.,"The Use Case produces a variety of output depending on what users use it for internally which can range from content, code, and other uses of ChatGPT. A rules of behavior requires that users do not use it for final decisions or recommendations. Additionally, users will potentially use this environment for a broad set of general AI uses. Individual use cases may be described if the system becomes widely adopted and patterns of use are determined.",None of the above.,Developed in-house.,Operation and Maintenance,Government Services (includes Benefits and Service Delivery),retired_2024
34699,EPA,Office of Air and Radiation,Transitioning historical help desk knowledge to new help desk software,The program has 20 years of help requests and responses in a customized open source help desk tool. We are mapping out a transition to Jira Service Desk but are not able to easily import 20 years of knowledge and answers to common questions. The project team plans to use generative AI to categorize questions and summarize responses. These outputs would serve as the knowledge base for the new help desk.,"Knowledge base to populate the new help desk system:
- Common questions
- Categories of questions
- Responses",Summarizing the key points of a lengthy report using AI.,,Initiated,Energy & the Environment,continued
34700,EPA,Office of Air and Radiation,Emission monitoring program knowledge management system search and summary,"Provide a chatbot to respond to EPA monitoring system analyst questions about the emission monitoring programs, including historical regulatory changes and the reasons for those changes.","Using preambles and regulatory text, respond to questions such as:
- What is the grace period for performing a relative accuracy quality assurance test?
- In what year were the monitoring performance criteria last updated and what was the justification?
- What monitoring options are available for an oil-fired power plant?",Searching for information using AI.,,Acquisition and/or Development,Energy & the Environment,continued
34701,EPA,Office of Reseach and Development,Identification of lead service lines in drinking water distribution systems using bioindicators/biomarkers,Explore the potential of predictive tools to identify lead service lines (LSLs). Alternative approach using bioindicators/biomarkers obtained from high-resolution microbiome profiles to identify LSLs without excavation.,Predict LSLs in DWDSs . Two outcomes (binary): LSL or non-LSL.,None of the above.,,Initiated,Science & Space,retired_2024
34702,EPA,Office of Research and Development,Generative AI for Study Evaluation and Document Chat,Reduce the time required to complete study evaluation and make it easier to find/recall information found in documents.,"The outputs are generated text based upon a prompt. The text is intended to help the user answer questions about a document, specifically about the quality of the information reported.",None of the above.,,Initiated,Science & Space,retired_2024
34703,EPA,Office of Air and Radiation,Natural Gas STAR Videos,"This is a commercial product that is not reflected in the list in the previous column. The purpose of using this AI tool was to simply create realistic audio narration files, without having to go through the lengthy and more expensive process of hiring a voice actor to read our scripts. The tool turns text into speech.",The AI tool did not make any of the decisions or predictions.  It only sounded out text that we created and supplied the tool.,None of the above.,,Acquisition and/or Development,Energy & the Environment,continued
34704,EPA,Office of Mission Support,Agency Records Management System (ARMS),"purpose: to improve accuracy of Records schedule prediction
expected benefit: reduce administrative burden on EPA staff",the machine learning model predicts records schedules,None of the above.,Developed in-house.,Operation and Maintenance,Mission-Enabling,renamed
34705,EPA,Office of Mission Support,Use of Microsoft CoPilot within the M365 Purview Security Suite,"Purview is one of the Agency’s tools to protect our Microsoft cloud data and endpoint devices.  Several potential use cases are possible with the addition of CoPilot into the product which is anticipated in upcoming releases within our GCC tenant.  Our proposed use of AI tools is limited in scope the Agency’s existing security boundary, data and Authority to Operate (ATO).

The expected benefits are faster answers to common questions about the nature of EPA's security and IT infrastructure environment.  We will be able to more effectively leverage the voluminous amount of data currently collected by Purview, Microsoft Security Center, and Defender agents to make decision in a more expedited fashion.  We will be able to act on results more quickly to help reduce security vulnerabilities and weaknesses.","a.	Security and infrastructure analysts will be able to use CoPilot to better understand and report on existing security vulnerabilities on Microsoft Windows devices. Purview currently delivers canned reports in our dashboard which shows existing vulnerabilities.  CoPilot can be queried to ask specific questions about the vulnerabilities, such as which computers are impacted and the potential mitigation strategy for specific vulnerabilities.
b.	CoPilot can be used to analyze and report on installed software, reporting on potential vulnerabilities and versions for each package.
c.	CoPilot can describe and summarize Data Loss Prevention (DLP) alerts that require Agency attention and help analysts to understand which types of sensitive data are triggering alerts and to improve our models.
d.	CoPilot can quickly respond to common questions about the environment without writing custom reports:  how many Windows 22H2 computers are in the environment?  How many systems are missing the latest Microsoft System Center Configuration Manager (SCCM) client?  How many computers are still unpatched for the Log4J vulnerability?  What is the last login for the workstation name: R07Smith123?",None of the above.,,Initiated,Mission-Enabling,retired_2024
34706,EPA,Office of Mission Support,Use of AI tools within the Agency’s instance of ServiceNow,"ServiceNow is used as the Agency’s primary service desk management system for resolving incidents, problems, change controls, knowledge management, inventory of systems and software including the central Configuration Management Datbase (CMDB).  Employees and IT professionals rely on this platform to obtain service, submit incidents, obtain reports and trends, and plan workloads and priorities to solve problems.  Our proposed use of AI tools is limited in scope the Agency’s existing security boundary, data and ATO.  The expected benefits are reduced numbers of service tickets and calls which will have a direct cost reduction.  Help desk and IT professionals throughout the agency will be able to leverage the vast trove of knowledge articles, asset inventory and history of hundreds of thousands of service tickets to find answers to challenging (and common) IT issues facing our workforce.","Several use cases have emerged to leverage ServiceNow's upcoming AI tools for employees to engage with an AI agent to ask technical questions to solve specific technical issues.  

For example:
b.	An employee may ask, how do I reset my password; the answer will provide a written response with steps based on our existing internal knowledge articles and a link to the Agency’s self-service password management page at pss.epa.gov.  This could divert thousands of calls away from service desk agents each year.
c.	A service desk agent may ask, how do I troubleshoot a problem a customer reports with the error message at Windows login, “domain not found.”  The response would be a list of steps both the technician and employee will need to preform to resolve the error.  This will save the technician a significant amount of time to search the ServiceNow knowledge articles, read the contents and relay instructions to the customer.
d.	A manager may ask the AI agent, how many computers in Region 10 require updates to the latest version of Windows 11 23H2?  How many installations of Adobe Acrobat (pro) are installed in HQ?  How many Dell Latitude 5340 computer have expired warranties agency-wide, provide a detailed list including service tags?",None of the above.,,Initiated,Mission-Enabling,retired_2024
34707,EPA,Office of Reseach and Development,Machine learning-assisted literature screening,"The purpose is to help scientists in screening references by using machine learning to rank references by title and abstract based on relevance as determined from a set of ""on topic"" and ""off topic"" references. The benefits are that scientists will more efficiently identify relevant references for consideration in the development of scientific assessments.","The machine learning tools support scientists in screening references by providing those references in a ranked order. That ranked order may or may not be based on seed references that are ""on topic"" and/or ""off topic. The screening tools build a model based on what the screener identifies for ""inclusion"" and ""exclusion"". This ranked set of references allows scientists to more quickly identify relevant references. Some of these tools also provide an estimate or recall, or the percentage of relevant references identified.",Searching for information using AI.,,Operation and Maintenance,Science & Space,renamed
34708,EPA,Office of Mission Support,Data Management and Analytics Platform (DMAP) Operations and Governance AI Use Cases,"Improve data quality, operational efficiency, and improved use of data to support mission outcomes","Proposed use of AI and ML to enhance DMAP mission needs and operational excellence in the following areas:

Automated Data Quality Assessment
•	AI-augmented data profiling
•	Auto-detect data anomalies, missing values, outliers
•	Generate comprehensive data quality reports
•	Recommend data cleaning and transformation strategies
•	Provide statistical insights about dataset characteristics
AI-Augmented Data Documentation Generation
•	AI to aid in creating human-readable data dictionaries
•	Generate insights into semantic relationships between data elements
•	AI-augmented data lineage and provenance tracking documentation
AI-Driven Data Enrichment Recommendations
•	Suggest potential external data sources for enrichment
•	Recommend feature engineering techniques
•	Identify potential data joins and correlations
•	Flag opportunities for data augmentation
Workflow and Pipeline Automation
•	AI to aid in Extract Transform Load/Extract Load Transform (ETL/ELT) pipeline configurations
•	Create reproducible data transformation scripts
•	Develop dynamic data routing and processing workflows
•	Implement intelligent error handling and recovery mechanisms
Intelligent Onboarding Assistant
•	Guide users through data and project onboarding processes and workflows
•	Provide contextual recommendations during onboarding process
•	Validate/audit project requirements and compliance needs
•	Offer interactive tutorials and best practices
Predictive Data Governance
•	Recommend data access controls
•	Detect potential compliance risks
•	Augment analysis/validation/auditing and recommendations for data sensitivity levels
•	Suggest data anonymization and masking strategies
Feature Engineering for ML and Analysis
•	Auto-generate initial machine learning features
•	Identify potential model training datasets
•	Recommend preprocessing techniques
•	Highlight dataset suitability for specific ML tasks
Semantic Data Discovery
•	Create semantic knowledge graphs
•	Enable natural language querying of datasets
•	Aid in identifying and recommending data relationships across disparate sources
•	Support data catalogue generation",None of the above.,,Initiated,Mission-Enabling,retired_2024
34709,EPA,Office of Land and Emergency Management,Intelligent Superfund Search & Chatbot capabilities,"The intended purpose of this AI use case is to modernize and enhance the EPA's Superfund Enterprise Management System (SEMS) document search and processing system through intelligent automation. Key expected benefits include:

1. Dramatic improvement in operational efficiency by reducing search time from months/weeks to minutes
2. Enhanced accuracy in document retrieval and information extraction
3. Better user experience through intuitive natural language search capabilities
4. Cost reduction through automated document processing
5. Improved compliance and quality control in environmental site management
6. Increased ability to process and derive insights from millions of technical documents
7. Better decision support for EPA staff managing contaminated sites","The AI system will generate the following outputs:

1. Intelligent Document Processing Results:
   - Extracted key entities (site locations, contaminants, responsible parties)
   - Document classifications and metadata
   - Automated summaries of technical reports

2. Search and Retrieval Outputs:
   - Relevant document recommendations based on natural language queries
   - Direct answers to specific questions with source citations
   - Cross-document insights and connections

3. Analysis and Decision Support:
   - Site contamination pattern analysis
   - Related case recommendations
   - Risk assessment summaries

4. Quality Assurance Outputs:
   - Confidence scores for extracted information
   - Source attribution for all provided information",Searching for information using AI.,,Acquisition and/or Development,Energy & the Environment,retired_2024
34710,EPA,Office of Enforcement and Compliance Assurance,Resource Conservation and Recovery Act (RCRA) Predictive Analytics,Risk scoring of Large Quantity Generators (LQGs) to support RCRA inspections,"Risk scoring (integers 0 to 4, inclusive) for LQGs",None of the above.,,Implementation and Assessment,Law & Justice,renamed
34711,EPA,Office of Enforcement and Compliance Assurance,Clean Water Act (CWA)Predictive Analytics,Identify high risk National Pollution Discharge Elimination System (NPDES) facilities that don't submit Discharge Monitoring Reports (DMRs),Risk scoring (Ranking from lowest to highest risk) for NPDES facilities that don't submit DMR's,None of the above.,,Initiated,Law & Justice,renamed
34712,EPA,Office of Enforcement and Compliance Assurance,Clean Air Act (CAA) Predictive Analytics,Risk scoring of Majors and Synthetic Minor Facilities to support CAA inspections,Decimal score between 0 and 1 for Major and Synthetic Minor CAA Facilities,None of the above.,,Initiated,Law & Justice,renamed
34713,EPA,Office of the Administrator,Extracting references from technical documents,"In response to OMB interest—which we agree with—in giving researchers more visibility when we cite their work, National Center for Environmental Economics (NCEE) is investigating various methods to document citations in economic analysis and other regulatory documents. We have explored using GovChat to extract references from regulatory documents.","Output would be lists of unique references by document, which can then be combined into a list with counts. The list could then be used to acknowledge researchers whose work is used by EPA.",Searching for information using AI.,,Initiated,Energy & the Environment,retired_2024
34714,EPA,Office of Water,Streamflow Duration Assessment Modeling,"Streams exhibit a diverse range of hydrologic regimes, and the hydrologic regime strongly influences the physical, chemical, and biological characteristics of active stream channels and their adjacent riparian areas. One important aspect of the hydrologic regime is streamflow duration—the length of time that a stream sustains flowing surface water. Determining streamflow duration class can help support a variety of regulatory and non-regulatory water resource management decisions. This random forest modeling supports prediction of the appropriate streamflow duration classification across a range of geographies. Full information is available at: https://www.epa.gov/streamflow-duration-assessment/random-forest-modeling","Prediction of whether a streamflow is “perennial,” “intermittent,” or “ephemeral”",None of the above.,,Operation and Maintenance,Science & Space,continued
34715,GSA,OGP,Solicitation Review Tool (SRT),"The SRT intakes SAM.gov data for all ICT solicitations. The system then compiles the data into a database to be used by machine learning algorithms. The first of these is a Natural Language Processing model that determines if a solicitation contains compliance language. If a solicitation does not have compliance language, then it is marked as non-compliant. Each agency is asked to review their data and validate the SRT predictions. GSA also conducts random manual reviews monthly.",Determination whether a solicitation is compliant or not. Text form.,None of the above.,Developed with both contracting and in-house resources.,Implementation and Assessment,Other,continued
34716,GSA,FAS,Acquisition Analytics,Takes Detailed Data on transactions and classifies each transaction within the Government-wide Category Management Taxonomy,Acquisition Analytics,None of the above.,Developed with both contracting and in-house resources.,Implementation and Assessment,Mission-Enabling,continued
34717,GSA,FAS,City Pairs Program Ticket Forecast and Scenario Analysis Tools,"Takes segment-level City Pair Program air travel purchase data and creates near-term forecasts for the current and upcoming fiscal year by month and at various levels of granularity including DOD vs Civilian, Agency, and Region.",City Pairs Program Ticket Forecast and Scenario Analysis Tools,None of the above.,Developed in-house.,Implementation and Assessment,Transportation,retired_2024
34718,GSA,FAS,Category Taxonomy Classifier,Classification of obligation transactions in to GWAS subcategories when existing FPDS coding scheme(PSC/NAICS) is insufficient for positive classification of a transaction.,Category Taxonomy Classifier,None of the above.,Developed in-house.,Implementation and Assessment,Mission-Enabling,retired_2024
34719,GSA,FAS,CPRM Contract Breach Forecast,Applies obligation forecasting to ITC contracts to provide situational awareness of risk of contract ceiling breach.,CPRM Contract Breach Forecast,None of the above.,Developed in-house.,Implementation and Assessment,Mission-Enabling,retired_2024
34720,GSA,FAS,Category Taxonomy Refinement Using NLP,Uses token extraction from product descriptions more accurately shape intended markets for PSCs.,N/A,None of the above.,Developed in-house.,Retired,Mission-Enabling,continued
34721,GSA,FAS,Key KPI Forecasts for GWCM,"Takes monthly historical data for underlying components used to calculate KPIs and creates near-term forecasts for the upcoming fiscal year. Pilot effort focuses on total agency/category spend (the denominator in multiple KPIs). If the pilot program is successful, the same methodology can be extended to other KPIs.",N/A,None of the above.,Developed with contracting resources.,Retired,Mission-Enabling,retired_2024
34722,GSA,GSA IT (IDT),Enterprise Brain,Enterprise Brain is a document repository by Tanjo (tanjo.ai) that leverages AI to improve document discovery.,N/A,None of the above.,Developed with contracting resources.,Retired,Other,retired_2024
34723,GSA,GSA IT (IDT),AWS Captcha Solver,"As part of a project to automate actions in AWS console using Selenium, we developed an AI model that can solve AWS's captcha so our automated system won't be blocked for being detected as a bot. The model is used in an AWS Lambda that uses a headless Selenium driver. The model was trained from scratch using Tensorflow. We have discussed making a more general form of this solution that could be applied to other AI/ML problems.",It outputs the solution to a captcha.,None of the above.,Developed in-house.,Initiated,Other,retired_2024
34724,GSA,GSA IT (IDT),ServiceNow Generic Ticket Classification,"We are building a model to take generic Service Now tickets and classify them so that they can be automatically re-routed to the correct team that handles these types of tickets. The process of re-routing generic tickets is currently done manually, so the model will allow us to automate it. The initial model will target the top 5 most common ticket types.",It outputs the most likely group that a Servicenow ticket should be assigned to.,None of the above.,Developed with contracting resources.,Initiated,Other,continued
34725,GSA,GSA IT (IDT),ServiceNow Virtual Agent (Curie),"Virtual agent that uses ML to provide predictive results for chat entries. A natural language chatbot (virtual assistant), we named Curie, as part of a multi-model customer service experience for employee's IT service requests leveraging knowledge-based articles.",Text response generated the most likely answer base on the user input.,None of the above.,Developed with contracting resources.,Initiated,Other,continued
34726,GSA,PBS,GREX AI Document Classification,"Office of Leasing and IT Modernization partnered in a pilot program to test the feasibility of using artificial intelligence (AI) and machine learning (ML) using the AWS cloud service from FAS to classify pdf documents emailed into G-REX. The pilot built the pipeline to train individual document types that are typically uploaded in PDF format. The pilot was successful at illustrating how valuable time could be saved by completing this project in production, improving accuracy of document type assignment.
The pilot utilized AWS FAS service, which would require additional funding. Appian announced they will provide the functionality as an out of the box feature in late 2024, early 2025, to be able to scan pdf document types if G-REX can move to the cloud. The cloud assessment is ongoing as of submission of the need.
This was an approved FY23 Need.",N/A,None of the above.,Developed with contracting resources.,Acquisition and/or Development,Government Services (includes Benefits and Service Delivery),renamed
34727,GSA,FAS (QP0A),Contract Acquisition Lifecycle Intelligence (CALI),"CALI tool is an automated machine learning evaluation tool built to streamline the evaluation of vendor proposals against the solicitation requirements to support the Source Selection process. CALI is offered by Octo Consulting as Infrastructure as a Service and is implemented and hosted within Amazon Web Services (AWS) public cloud US East and US West regions. Once the Contracting Officer (CO) has received vendor proposals for a solicitation and is ready to perform the evaluation process, the CO will initiate evaluation by sending solicitation documents along with all associated vendor proposal documents to Bizagi’s Source Selection module, which will pass all documents to CALI. CALI will process the documents, associated metadata and begin analyzing the proposals in four key areas: format compliance, forms validation, reps and certs compliance, and requirements compliance. The designated evaluation members can review the evaluation results in CALI and submit finalized evaluation results back to Source Selection in Bizagi. CALI is currently being trained with sample data from the EULAs under the Multiple Award Schedule program.",N/A,None of the above.,Developed with contracting resources.,Retired,Mission-Enabling,retired_2024
34728,GSA,FAS (TTS),Survey Comment Ham / Spam Tester,The website USA.gov receives a lot of survey comments. We need a way to determine which comments are worth the time of analysts reading and which are not.,"A determination of whether the data is ""worth reading""",None of the above.,Developed with both contracting and in-house resources.,Retired,Other,renamed
34729,GSA,FAS (TTS),Classifying Qualitative Data with Medallia,"USA.gov has a lot of customer-driven qualitative data to be classified into topics: survey comments from multiple surveys, web chat transcripts, contact center agent case notes, and search box queries. It is important to know the topics of the text chunks. This is very challenging because of the massive diversity of USA.gov's content and topics covered. The focus is on Medallia, which offers natural language processing in which users can create rules based on words and their relationships with other words to tag qualitative data with our topics (passports, tax refunds, etc.). Medallia also uses AI to do classifying on its own. However, value has not been derived from this functionality and it is therefore not in use.",Topic Groups / Classification,None of the above.,Developed with contracting resources.,Acquisition and/or Development,Other,retired_2024
34730,GSA,GSA,Elastic Machine Learning Threat Detection,Use AI to further analyze security logs and alert on anomalous data patterns for a human SOC analyst to review. The goal is for a human/AI partnership that can more effectively and quickly search through the data.,Write anomaly data to Security Information and Event Management (SIEM) tool and create alerts for Security Operations Center (SOC) team.,None of the above.,Developed with both contracting and in-house resources.,Acquisition and/or Development,Other,renamed
34731,GSA,GSA,Elastic Machine Learning Threat Detection - Phase 2,"Leverage an LLM that has been given access to our security logs, to provide a more efficient search and discovery tool for SOC analysts. The benefit would be helping the SOC analyst find records of interest and/or associated logs quicker. It will also analyze logs automatically and suggest records of interest.",Text displayed on the user's screen,None of the above.,Developed with contracting resources.,Initiated,Other,renamed
34732,GSA,FAS / GSA IT (IC),Chatbot for Federal Acquisition Community,"The introduction of a chatbot will enable the GSA FAS NCSC to streamline the customer experience process, and automate providing answers to documented commonly asked questions through public facing knowledge articles. The end goal is this will reduce staffing requirements for NCSC’s live chat programs and allow the NCSC resources to be dedicated to other proactive customer services initiatives. Customers will still have the option to connect to a live agent if they choose by requesting an agent.",Text displayed on the user's screen,None of the above.,Developed with both contracting and in-house resources.,Initiated,Other,retired_2024
34733,GSA,GSA IT (IC),Document Workflow / Intelligent Data Capture and Extraction,"GSA is driving towards a more accurate and scalable document workflow platform. GSA seeks to intelligently capture, classify, and transfer critical data from unstructured and structured documents, namely PDF files, to the right process, workflow, or decision engine.",N/A,None of the above.,Developed with contracting resources.,Retired,Other,retired_2024
34734,GSA,OAS / OCFO,OAS Kudos Chatbot,"The Office of Administrative Services would like to utilize a ChatBot to easily capture employee peer to peer recognitions. The OAS Kudos Chatbot leverages Natural Language Processing, inherent to Google Dialogflow, to facilitate a conversation between the AI software and the end user. This allows the chatbot to interpret and apply branching logic to what the user enters into the chat window.",N/A,None of the above.,Developed with contracting resources.,Retired,Other,retired_2024
34735,GSA,"PBS, GSA IT (IC)",NCMMS AI Chatbot,"Provide inline tech support for NCMMS / IBM Maximo via a  chatbot.  

This is an off-the-shelf product that provides natural language driven, contextual help using Maximo.","Chatbot responses to users questions about how to use NCMMS / Maximo, based on NCMMS training and support documents, videos, etc.",None of the above.,Developed with contracting resources.,Acquisition and/or Development,Other,renamed
34736,GSA,FAS (TTS),Login.gov,"The purpose of Login.gov's identity verification service is to establish a link between the claimed identity and the subject creating a user account. The facial matching AI component of this service provides enhanced controls to protect users from identity fraud and the government from fraudulent access. 

The benefit to the user is to provide a fast, convenient way to prove their identity remotely and protect the public from identity theft.

The benefit to the government is to that government partners may use this tool to verify the identities of people accessing government websites in a remote, unattended session and protect Government systems from fraudulent access.",The system delivers a match/no-match output.,None of the above.,Developed with contracting resources.,Implementation and Assessment,Other,renamed
34737,GSA,GSA IT (IDE),Gemini for Workspace,"The purpose of the Gemini for Workspace pilot study is to evaluate how advanced AI capabilities can enhance productivity, collaboration, and efficiency within the General Services Administration (GSA). Over a 90-day period, 200 users will interact with Gemini to assess its functionality and impact on daily operations. The system offers intelligent assistance for tasks like drafting documents and composing emails, enhances communication through smart scheduling and automated meeting summaries, provides data analysis and insights from large datasets, and automates routine administrative tasks to reduce manual workloads. All features available with Gemini Enterprise feature set will be made available within the test profile instance for pilot users. These features aim to help users accomplish productivity tasks more quickly and accurately, and purport to increase productivity across the agency. Enhanced communication tools are designed to facilitate better teamwork and coordination among staff, while access to advanced analytics could support data-driven decision-making. By automating routine tasks, employees can focus on higher-value activities, contributing further to operational efficiency and innovation. Access to the latest Gemini models can also support code development and debugging practices previously identified in earlier studies. The pilot will help GSA understand user engagement with AI tools and assess the practical benefits of integrating Gemini into the Google workspace. Users will only be permitted to use the features for non-sensitive use cases that involve public information and datasets.","Feedback from this study will inform future AI investments and strategies, supporting GSA's objective to modernize its technology infrastructure and enhance the agency's effectiveness in fulfilling its mission.",None of the above.,Developed with contracting resources.,Acquisition and/or Development,Government Services (includes Benefits and Service Delivery),renamed
34738,GSA,GSA,Test Fit Layouts,The purpose of the QBIQ pilot is to test the capabilities to rapidly test-fit spaces in consideration to evaluate whether AI can sufficiently be used to speed up vetting of space to fit requirements as well as utilize visualizations as a communication bridging tool with tenant agencies,Floor plan and 3D conceptual layouts,None of the above.,Developed with contracting resources.,Acquisition and/or Development,Government Services (includes Benefits and Service Delivery),renamed
35052,SSA,"Office of Analytics, Review, and Oversight",Insight,"This AI use case is decision support software used by hearings and appeals-level Disability Program adjudicators to help maximize the quality, speed, and consistency of their decision making.  The use case analyzes the free text of disability decisions and other case data to offer adjudicators real-time alerts on potential quality issues and case-specific reference information within a web application.  The use case increases decision quality and reduces human error.","Insight provides 43 Quality flags, when raised, indicating various inconsistencies, omissions, or Policy non-compliant conditions that exist in the disability decision.",None of the above.,Developed with both contracting and in-house resources.,Operation and Maintenance,Government Services (includes Benefits and Service Delivery),continued
35053,SSA,Office of the Chief Information Officer,Intelligent Medical Language Analysis Generation (IMAGEN),"This AI use case helps employees visualize, search, and more easily identify relevant clinical content in medical records.  The use case improves efficiency and accuracy of disability determinations/decisions.","Document annotations on medical records to aid in navigation such as identifying patient encounters, tests, dates, and other relevant information. Possible impairment and SSA Medical Listing Codes are also identified.",Searching for information using AI.,Developed with both contracting and in-house resources.,Operation and Maintenance,Government Services (includes Benefits and Service Delivery),continued
35054,SSA,Office of the Chief Information Officer,Duplicate Identification Process,"This AI use case identifies, flags, and marks duplicates, reducing the amount of time spent to review cases for hearings.","This AI use case identifies, flags, and marks duplicates, reducing the amount of time spent to review cases for hearings.",None of the above.,Developed with contracting resources.,Operation and Maintenance,Government Services (includes Benefits and Service Delivery),continued
35055,SSA,Office of the Chief Information Officer,Handwriting Recognition of Forms; Intelligent Document Processing Platform - Forms Classification and Data Extraction,"This AI use case classify, identify and extract structured, semi-structured forms containing printed and handwritten fields. The use case increases automation, reduces clerical errors and reduces customer wait times.",The output of extracted data fields on the form is represented in JSON format that can be available to downstream systems using API and through other integration mechanism such as queues.,None of the above.,Developed with contracting resources.,Operation and Maintenance,Government Services (includes Benefits and Service Delivery),continued
35056,SSA,"Office of Analytics, Review, and Oversight",Modernized Development Worksheet (MDW),This AI use case reviews data during case development so it can be better categorized. The use case reduces processing time and customer wait times.,Labels and categorizes new or updated MDW requests,None of the above.,Developed in-house.,Operation and Maintenance,Government Services (includes Benefits and Service Delivery),continued
35057,SSA,"Office of Analytics, Review, and Oversight",Anomalous iClaim Predictive Model,This AI use case identifies high-risk iClaims. These claims are then sent to Operations for further review before additional action is taken to adjudicate the claims.,Risk scores for recently submitted iClaims.,None of the above.,Developed in-house.,Operation and Maintenance,Government Services (includes Benefits and Service Delivery),retired_2024
35058,SSA,"Office of Analytics, Review, and Oversight",Pre-Effectuation Review / Targeted Denial Review Models,This AI use case identifies high likelihood of error in certain claims and refers them for review. This use case reduces incorrect benefits payment.,Probability scores via an in-line mainframe process,None of the above.,Developed in-house.,Operation and Maintenance,Government Services (includes Benefits and Service Delivery),renamed
35059,SSA,"Office of Analytics, Review, and Oversight",Representative Payee Misuse Model,This AI use case identifies possible representative payee fraud and flags for review. This use case reduces representative payee fraud.,The system outputs numerical scores based on likelihood of representative payee misuse.,None of the above.,Developed in-house.,Operation and Maintenance,Government Services (includes Benefits and Service Delivery),retired_2024
35060,SSA,"Office of Analytics, Review, and Oversight",Continuing Disability Review Model,This AI use case identifies disability cases with the greatest likelihood of medical improvement and flag them for a continuing disability review to improve the accuracy of CDRs.,"The system outputs numerical scores for each disability case: the score represents the likelihood of medical improvements. The probabilities are binned according to low, medium, or high.",None of the above.,Developed in-house.,Operation and Maintenance,Government Services (includes Benefits and Service Delivery),continued
35061,SSA,"Office of Analytics, Review, and Oversight",Social Security Income Redetermination Model,This AI use case identifies SSI overpayment cases that have highest expected overpayments for review. This use case contains excess overpayments by prioritizing technician review,"The system outputs numerical scores for individuals, comprised of likelihood and amount of overpayment.",None of the above.,Developed in-house.,Operation and Maintenance,Government Services (includes Benefits and Service Delivery),renamed
35062,SSA,"Office of Analytics, Review, and Oversight",Proactive Triage and Analysis of Hearings (PATH),This AI use case flags high likelihood favorable claims and refers them to human adjudicators for further review to determine eligibility for on-the-record hearing decisions.,The system outputs sorted case listings based on likelihood of favorable hearing decision.,None of the above.,Developed in-house.,Operation and Maintenance,Government Services (includes Benefits and Service Delivery),continued
35063,SSA,Office of Retirement and Disability Policy,Quick Disability Determinations Model,Used to screen initial applications to identify cases where a favorable disability determination is highly likely and medical evidence is readily available to prioritize this workload and expedite case processing.,"System output consists of probability model scores for each separate scoring service, Scoring Service for Allowance and Scoring Service for Processing Time, and the overall QDD Score.",None of the above.,Developed with contracting resources.,Operation and Maintenance,Government Services (includes Benefits and Service Delivery),continued
35064,SSA,Office of the Chief Information Officer,Mobile Wage Reporting (MOBWR),Uses AI to extract text/data from scanned images/documents representing pay stubs or payroll information to enable faster processing.,Gross pay and pay date from the paystub image,Inputting large amounts of data from paper forms into a digital system using AI.,Developed with contracting resources.,Operation and Maintenance,Government Services (includes Benefits and Service Delivery),renamed
35065,SSA,Office of Transformation,SSA 800# Public Question & Answer Bot,"The bot answers caller’s questions using approved FAQs found on SSA.GOV. Support is provided in both English and Spanish. 

Calls answered solely by the bot reduce the wait for other callers needing agent service.",Returns the answer snippet content for the applicable FAQ topic that should contain the same language as if the askers were to navigate to the FAQs webpage themselves on ssa.gov.,Searching for information using AI.,Developed with contracting resources.,Operation and Maintenance,Government Services (includes Benefits and Service Delivery),renamed
35066,SSA,"Office of Analytics, Review, and Oversight",Generative AI for Analytic Insights,"Generative AI model to analyze SSA's National 800 Number transcripts to provide insights into caller intent, call resolution, and call topics. These insights could highlight pain points in SSA’s policies and processes and focus efforts to improve customer service, deflect callers whose business cannot be resolved using the 800 Number, and ultimately decrease wait times.",Varies by use case,None of the above.,Developed with contracting resources.,Operation and Maintenance,Government Services (includes Benefits and Service Delivery),renamed
35067,SSA,Office of the Chief Information Officer,PolicyNet Plain Language Search Engine,"Search will employ learning to rank functionality based on user entered thumbs up/thumbs down data (data capture began in FY24 - learning to rank will be implemented in FY25).  Users across all internal SSA components and offices may use the system to find relevant information on SSA policies, procedures or instructions. Learning to rank will help users find relevant results faster, which supports better customer service.","Based on the user thumbs up/thumbs down selections, search results will be ranked higher (or lower) within the results output.",Searching for information using AI.,Developed with contracting resources.,Operation and Maintenance,Government Services (includes Benefits and Service Delivery),continued
35068,SSA,Office of the Chief Information Officer,Speech to Text Video Transcription,Generate transcript from recorded audio of disability hearings,Transcript,Transcribing and summarizing a recorded meeting or interview using AI.,Developed with contracting resources.,Operation and Maintenance,Mission-Enabling,continued
35069,SSA,Office of Transformation,Customer Insight Tool,"Survey analysis tool that evaluates sentiment and categorization.
Current capabilities include: 
1. Machine Translation - using algorithms to automatically translate text from one language to another
2. Sentiment Analysis - classifies text into negative, positive and neutral sentiment
3. Categorization - system-generated groupings of conceptually-related words and phrases based on phrase-level feedback
4. Suggested Actions - uncovers explicit suggestions from feedback text
5. Customer Effort - aimed to recover explicit mentions of effort in feedback text","Survey analysis tool that evaluates sentiment and categorization.
Current capabilities include: 
1. Machine Translation - using algorithms to automatically translate text from one language to another
2. Sentiment Analysis - classifies text into negative, positive and neutral sentiment
3. Categorization - system-generated groupings of conceptually-related words and phrases based on phrase-level feedback
4. Suggested Actions - uncovers explicit suggestions from feedback text
5. Customer Effort - aimed to recover explicit mentions of effort in feedback text",None of the above.,Developed with contracting resources.,Operation and Maintenance,Government Services (includes Benefits and Service Delivery),continued
35070,SSA,Office of Retirement and Disability Policy,Benefit and Earnings Public Use File,Generate high fidelity synthetic benefits and earnings data for external researches to support policy research and decision making while protecting privacy.,Synthetic microdata file aimed for public use by policy researchers,None of the above.,Developed in-house.,Operation and Maintenance,Government Services (includes Benefits and Service Delivery),continued
35071,SSA,Office of Human Resources,Therapy Chatbot - Text-Based Mental Health Support for SSA Employees,This AI use case is a therapy chatbot that employees can access on their own personal devices.,Synthetic text output that serves discussion with users,None of the above.,Developed with contracting resources.,Operation and Maintenance,Health & Medical,continued
35072,SSA,Office of the Chief Information Officer,Agency Support Companion (ASC) chatbot,"Generative AI model to create content, summarization and research capabilities",Chatbot responses to users as well as management information reports for executives,Improving the quality of written communications using AI tools.,Developed with contracting resources.,Acquisition and/or Development,Mission-Enabling,continued
35073,SSA,Office of the Chief Information Officer,Intelligent generation of modernized code.,"The module uses AI techniques such as cluster analysis, pattern matching, templates, and programming language models to generate modernized code in a new target language.
These AI techniques enable it to perform efficient data analysis, processing, and intelligent generation of new code. AI powered approach provides structured standardized code that’s highly maintainable.",Transformed legacy code into modernized language,None of the above.,Developed with contracting resources.,Operation and Maintenance,Government Services (includes Benefits and Service Delivery),continued
35074,SSA,Office of the Chief Information Officer,Data Governance Product (DGP) -  Data cataloging and predictive analysis of data assets.,"Vendor built in AI engine for data cataloging to automates the discovery, classification, and curation of data assets. And also provides predictive insights for data asset analytics. Uses Natural Language Processing (NLP) enables non-technical stakeholders to contribute to rule creation and facilitates the conversion of plain text into regular expression.",Efficient data catalog search results. Plain English conversation with the users to create technical regular expression rule creation,None of the above.,Developed with contracting resources.,Operation and Maintenance,Government Services (includes Benefits and Service Delivery),continued
35075,STATE,A/GO,Product Service Code Automation ML Model,"Developed a proof-of-concept machine learning model to scan unstructured, user entered procurement data such as Requisition Title and Line Descriptions to automatically detect the commodity and service types being purchased for enhanced procurement categorization. This project is retired.",N/A it was a proof of concept that has been cancelled.,N/A,N/A,Retired,Mission-Enabling (internal agency support),retired_2024
35076,STATE,A/GO,Tailored Integration Logistics Management System (ILMS) User Analytics,Piloted the use of ILMS transactional data and planned transactions to develop tailored user experiences and analytics to meet the specifics needs of the user at that moment. This allowed for the extraction of more meaningful information about users by mining real system actions and clicks. This project is retired.,N/A this was a pilot project that is not in production and was cancelled.,N/A,N/A,Retired,Mission-Enabling (internal agency support),retired_2024
35077,STATE,A/GO,Property and Procurement Analytics,Plan to expand current analytics within the Integrated Logistics Management System (ILMS) through development of a machine learning model for detecting patterns of potential anomalous activity in property and procurement.,Plan to have data on potential anomalous activity.,N/A,N/A,Planned,Mission-Enabling (internal agency support),continued
35078,STATE,A/PRI/LS,AI input in Translation,Leveraging machine-based tools to streamline workflows in translation work. Machine output is carefully post-edited by professional human translators to ensure highest quality product.,Very rough suggested language that is carefully reviewed and edited by human professional translators.,None of the above.,Developed with both contracting and in-house resources.,Implementation and Assessment,Mission-Enabling,continued
35079,STATE,A/PRI/TI,FOIA Web ML Document Indexer,"Development is underway for a machine learning algorithm to generate index metadata for the documents in the Department's online Freedom of Information Act (FOIA) Library, thereby improving document classification and accuracy of search.",Plan to have a series of prepopulated metadata,N/A,N/A,Planned,Mission-Enabling (internal agency support),continued
35080,STATE,BP/RPBI,BudgetChat AI Tool,"BudgetChat (aka BudgetSearch) is expected to consolidate budget documents to make searching and summarizing them easier, thereby streamlining access and analysis of initiatives over multiple years and programs.","Summary of information that will be verified, reviewed, and edited by humans.",Inputting large amounts of data from paper forms into a digital system using AI.,Developed with both contracting and in-house resources.,Acquisition and/or Development,Mission-Enabling (internal agency support),continued
35081,STATE,CA/CST,Travel.state.gov (TSG) Content Refinement with AI Text Editor,To assist in rewriting Public Facing content on International Travel Safety & Security to improve readability.,Content rewritten in a simplified manner that will be reviewed and edited by humans.,Improving the quality of written communications using AI tools.,,Acquisition and/or Development,Other,continued
35082,STATE,CA/CST,Predictive Analytics Platform,"Planned AI Use Cases that will be on the Predictive Analytics platform. The Predictive Analytics platform facilitates AI R&D and AI modeling, LLMs with services like Azure AI services, Azure Machine Learning, Azure Databricks, Azure Synapse and Data Science Virtual Machines etc. Individual AI Use Cases will be on this platform.",The planned platform to provide the capacity to R&D AI Use Cases.,N/A,Developed with both contracting and in-house resources.,Acquisition and/or Development,Other,continued
35083,STATE,CA/CST,Consular Affairs Photo Quality Service (PQS) / FaceVACS,"To automatically check passport photo quality during the Online Passport Renewal (OPR) process, providing instant feedback to ensure submitted images meet requirements. Applicants are prompted to retake and upload new photos if needed to meet requirements or submit a physical photo through standard processes if an acceptable digital photo cannot be obtained.",Improved outcomes.,None of the above.,Developed with both contracting and in-house resources.,Implementation and Assessment,Other,renamed
35084,STATE,CA/CST,Innovation and Transformation Measurement and Prediction,"To measure and understand causal impacts of consular service changes and improvements on desired outcomes (e.g., efficiency, effectiveness, customer and employee experiences, actionable behaviors, etc.) using methods such as machine learning and statistical modeling. This will allow Consular Affairs to better predict how these service changes will impact customers and employees before they are implemented.",Improved outcomes.,N/A,N/A,Initiated,Other; Mission-Enabling (internal agency support),continued
35085,STATE,CA/CST,Evaluating Customer Feedback and Sentiments with AI,To leverage Natural Language Processing (NLP) and secure Large Language Models (LLM) on unstructured text data to identify actionable insights to drive customer improvement initiatives.,"Sentiment analysis, categorization, and summarization of unstructured text data.",N/A,N/A,Initiated,Other; Mission-Enabling (internal agency support),continued
35086,STATE,CA/CST,Translation of Consular Content using AI,"To leverage AI translation models to increase CA's capacity to provide consular content in our websites to customers in their preferred language while ensuring accuracy and understanding, and reducing the resources typically needed at post.",Translated text,N/A,N/A,Planned,Other,continued
35087,STATE,CA/CST,Travel.State.Gov (TSG) Enhanced Search and Chatbot,A new chatbot and enhanced search on the TSG website processing existing FAQs and resources. The chatbot provides predefined responses.,Improved outcomes.,N/A,Developed with both contracting and in-house resources.,Acquisition and/or Development,Other,continued
35088,STATE,CA/CST,CodeGen - AI-assisted IT Application Development,"CodeGen is an application designed for seamless integration with Large Language Models (LLMs) that aims to enhance the process that developers follow to build, test, and deploy software. Through use of API, it provides a secure suite of capabilities that fast-tracks developers during code generation, translation, analysis, optimization, and debugging.",Improved outcomes.,None of the above.,Developed with both contracting and in-house resources.,Acquisition and/or Development,Other; Mission-Enabling (internal agency support),continued
35089,STATE,CSO,Violence Against Civilians Model,"A machine learning model that uses open-source political, social, and economic datasets to forecast mass civilian killings for the upcoming quarter and year for each country globally in order to inform conflict prevention.",Forecasted quarterly and yearly estimates of indicators.,N/A,Developed with both contracting and in-house resources.,Implementation and Assessment,Other,continued
35090,STATE,CSO,Automated Damage Assessments,The Conflict Observatory cooperative agreement used AI and machine learning on moderate and high-resolution commercial satellite imagery to create automated damage assessments. This project is retired.,N/A This was retired.,N/A,N/A,Retired,Diplomacy & Trade,retired_2024
35091,STATE,CSO,Automated Burning Detection,Daily scans of moderate resolution commercial satellite imagery to identify anomalies using the near-infrared band. This project is retired.,N/A This was retired.,N/A,N/A,Retired,Diplomacy & Trade,retired_2024
35092,STATE,CSO,Senturion Alpha,A stakeholder/influence-driven model that identifies where key decision makers fall on an issue spectrum and who influences whom.  The simulation analyzes the political dynamics within contexts and estimates how the policy positions of competing interests will evolve over time.,A simulation.,Searching for information using AI.,,Implementation and Assessment,Other,continued
35093,STATE,CSO,Mass Mobilization Model,"A machine learning forecasting model that uses open-source political, social, and economic datasets to predict mass mobilizations (protests and riots) for each country globally.",Forecasted yearly estimates.,N/A,Developed with both contracting and in-house resources.,Implementation and Assessment,Other,continued
35094,STATE,DT,Apptio,Working Capital Fund (IRM/WCF) used Apptio to bill bureaus for consolidated services run from the WCF. Cost models were built in Apptio so bureaus can budget for the service costs in future Fiscal Years (FYs). Apptio had the capability to extrapolate future values using several available formulas. This project is retired.,N/A,None of the above.,N/A,Initiated,Mission-Enabling (internal agency support),retired_2024
35095,STATE,DT,DT Data Analytics and Assessment (DAA) AI Use Case ITCP data harvest,To allow DT DAA team to parse unstructured text from key DT documents to build structured data indicating compliance to DT data governance and DT FAM related policies.,Plan to have structured data.,None of the above.,N/A,Planned,Other,continued
35096,STATE,DT/BMP/ITA/SSM,ServiceNow AI-Powered Virtual Agent (Chatbot),DT (formerly IRM) BMP Systems planned to incorporate ServiceNow's Virtual Agent into existing applications to connect users with support and data requests. The Artificial Intelligence (AI) was provided by ServiceNow as part of their Platform as a Service (PaaS). This project is retired.,N/A This was retired.,Searching for information using AI.,N/A,Retired,Mission-Enabling (internal agency support),retired_2024
35097,STATE,DT/DCIO/CO/A&A,POA&M Orchestration,This planned AI Use Case involves the orchestration of automatically opening and closing of Plan of Action and Milestones (POA&Ms) based upon log and vulnerability data specific to each Federal Information Security Modernization Act (FISMA) system.,N/A,Identifying unusual patterns in system logs from a single incident report using AI.,N/A,Planned,Mission-Enabling (internal agency support),continued
35098,STATE,F,NLP for Foreign Assistance Appropriations Analysis,Natural Language Processing (NLP) application for F/RA to streamline the extraction of earmarks and directives from the annual appropriations bill. Before NLP this was an entirely manual process.,Extracted data.,Summarizing the key points of a lengthy report using AI.,Developed with both contracting and in-house resources.,Acquisition and/or Development,Mission-Enabling (internal agency support),renamed
35099,STATE,F,ForeignAssistance.gov Processing for Mismatched Data,Created a custom Natural Language Processing (NLP) model to recommend information for tagging and identify mismatched data.,Potential mismatches and suggested tags.,N/A,Developed with both contracting and in-house resources.,Acquisition and/or Development,Other,continued
35100,STATE,FSI/EX,Creating Persistent Virtual Reality Personas for dynamic training,"The EdTech Innovation Lab team plans to develop a dynamic integration between multiple AI tools to create stored/persistent ""personas"" that can be interacted with during training-related virtual reality (VR) exercises.",Plan to have persistent personas.,N/A,N/A,Planned,Education & Workforce,continued
35101,STATE,FSI/EX,FSI Enterprise Operations - Gaming and Simulations,"In FY 2024, the bureau began a pilot program to better accommodate the need for experiential learning through gaming and simulations.  Simulations can involve complicated scenarios in several different target languages.",Plan to have simulations.,N/A,N/A,Planned,Education & Workforce,continued
35102,STATE,FSI/EX,FSI Continuous Learning Solutions,"FSI plans to sustain our AI action plan approved by the Front Office to promote content generation, analytical tasks, and increased overall efficiency and productivity around content development.",Improved outcomes.,N/A,N/A,Planned,Education & Workforce,continued
35103,STATE,FSI/EX/EDS,Enhancing Training Effectiveness in FSILearn Using AI,"Plan to use AI on the Cornerstone Learning Management System to enhance employee learning experiences by analyzing key data related to learning behaviors, such as course completions, quiz scores, and engagement levels. The AI uses this information to tailor learning paths.",Plan to have tailored learning paths.,N/A,N/A,Planned,Education & Workforce,continued
35104,STATE,J,J Reports Data Collection & Management Tool (DCT),"The DCT is an AI-driven research assistant designed to increase the quality and maintain the integrity of select Congressional reports while reducing the labor hours it takes to generate them. The tool automates the summarization, translation, and categorization of user-submitted content into a searchable database, replacing the manual tracking and organizing of research.  Users can upload materials throughout the year and easily retrieve content during drafting season.","The DCT provides AI-generated summaries and translations of user-submitted research.  It also suggests categories to organize the research according to instructions. The DCT uses optical character recognition (OCR) to digitize images and documents (e.g., PDFs).",N/A,Developed with both contracting and in-house resources.,Implementation and Assessment,Diplomacy & Trade; Mission-Enabling (internal agency support),continued
35105,STATE,J/TIP,TIP Report Research Translation,"The TIP Report Translation AI system provides informal, unofficial translations for materials related to the annual Trafficking in Persons report.  This capability saves staff time and allows researchers and drafters to focus on critical report needs, such as identifying and resolving data gaps.","Informal, unofficial translations of PDFs and Microsoft word documents. Each document includes a watermark denoting that the AI translation is unofficial. Each document must be verified, reviewed, and edited by a human.",None of the above.,,Operation and Maintenance,Mission-Enabling (internal agency support),continued
35106,STATE,M/SS/CFA,FOIA 360 AI Matching Tool,This system aims to make the Department of State's FOIA process better by spotting similar requests and documents to cut down on duplication. It also helps find patterns in both current and new requests to speed up response times for the public.,Improved outcomes.,N/A,Developed with both contracting and in-house resources.,Implementation and Assessment,Other,continued
35107,STATE,M/SS/CFA,StateChat,StateChat is the Department's enterprise Generative AI-powered chatbot.,"StateChat is a chatbot, its outputs are textual in a chat interface.",N/A,Developed with both contracting and in-house resources.,Implementation and Assessment,Mission-Enabling (internal agency support),continued
35108,STATE,M/SS/CFA,Crisis Campaign Cable Analytics,Used optical character recognition and Natural Language Processing (NLP) on Department cables in order to evaluate gaps and trends in crisis training and bolster post preparedness for crisis events.  This project is retired.,N/A This was retired.,N/A,N/A,Retired,Mission-Enabling (internal agency support),retired_2024
35109,STATE,PM,NLP to pull key information from unstructured text,Natural language processing (NLP) to pull key information from unstructured text.  Use NLP to extract information such as country names and agreement dates from dozens of pages of unstructured PDF document.,Dataset with key information from unstructured data.,N/A,Developed with both contracting and in-house resources.,Implementation and Assessment,Mission-Enabling (internal agency support),renamed
35110,STATE,R/ECA/EX/IT,ECA Program Management and Outreach - Summarization,Use approved Large Language Models to create artifacts for leadership as well as visiting legateship utilizing relevant and accurate datasets.,Plan to have draft summaries that will be reviewed by humans.,None of the above.,N/A,Planned,Mission-Enabling (internal agency support),continued
35111,STATE,R/GEC,Storyzy,Improve detected use of synthetic content.- Synthetic content is computer-generated data that mimics real-world data.,Improved outcomes.,None of the above.,Developed with both contracting and in-house resources.,Operation and Maintenance,Other,continued
35112,STATE,R/GEC,Optical Character Recognition - Text Extraction,Extracted text from images using standard python libraries; inputs were websites to collect data. This project is retired.,N/A This was retired.,N/A,N/A,Retired,Diplomacy & Trade,retired_2024
35113,STATE,R/GEC,Topic Modeling,Cluster text into themes based on frequency of used words in documents; was applied to digital media articles as well as social media posts; performed using available Python libraries.  This project is retired.,N/A This was retired.,N/A,N/A,Retired,Diplomacy & Trade,retired_2024
35114,STATE,R/GEC,Forecasting,"Using statistical models, projecting expected outcomes into the future; this was applied to COVID cases as well as violent events in relation to tweets. This project is retired.",N/A This was retired.,N/A,N/A,Retired,Diplomacy & Trade,retired_2024
35115,STATE,R/GEC,Deepfake Detector,"Deep learning model that took in an image containing a person's face and classifies the image as either being real (contains a real person's face) or fake (synthetically generated face, a deepfake often created using Generative Adversarial Networks). This project is retired.",N/A This was retired.,N/A,N/A,Retired,Diplomacy & Trade,retired_2024
35116,STATE,R/GEC,SentiBERTIQ,"Used deep contextual AI of text to identify and extract subjective information within the source material. This sentiment model was trained by fine-tuning a multilingual, BERT model leveraging word embeddings across 2.2 million labeled tweets spanning English, Spanish, Arabic, and traditional Chinese. This project is retired.",N/A This was retired.,N/A,N/A,Retired,Diplomacy & Trade,retired_2024
35117,STATE,R/GEC,TOPIQ,"Automatically categorized text into topics for analyst review and interpretation, using Latent Dirichlet Allocation (LDA), to extract topics from documents and then assigned the probability that each document belonged to a topic. This project is retired.",N/A This was retired.,N/A,N/A,Retired,Diplomacy & Trade,retired_2024
35118,STATE,R/GEC,Text Similarity,Identified different texts that were identical or nearly identical by calculating cosine similarity between each text. Texts were then grouped if they share high cosine similarity and then available for analysts to review further. This project is retired.,N/A This was retired.,N/A,N/A,Retired,Diplomacy & Trade,retired_2024
35119,STATE,R/GEC,Image Clustering,"Used a pretrained deep learning model to generate image embeddings, then used hierarchical clustering to identify similar images. This project is retired.",N/A This was retired.,N/A,N/A,Retired,Diplomacy & Trade,retired_2024
35120,STATE,R/GEC,Louvain Community Detection,"Took in a social network and clusters nodes together into ""communities"" (i.e., similar nodes are grouped together). This project is retired.",N/A This was retired.,N/A,N/A,Retired,Diplomacy & Trade,retired_2024
35121,STATE,R/GEC,Fast Text Word Builder,Fast Text was an AI approach to identifying similar terms and phrases based on a root word. This supported A&R's capability to build robust search queries for data collection. This project is retired.,N/A This was retired.,N/A,N/A,Retired,Diplomacy & Trade,retired_2024
35122,STATE,R/GPA/RA,Digital Media Analytics Platform,Using open-source neural machine translation models to translate global media articles and Department and public foreign social media posts into English.,Trend analysis,N/A,Developed with both contracting and in-house resources.,Implementation and Assessment,Mission-Enabling (internal agency support),continued
35123,STATE,R/GPA/RA,Geospatial Mapping of Historical Survey Data,Used PowerBI to create an interactive map. Cleaned and collected historical data consisting of all statistically significant results from all Pollfish surveys/tests. This project is retired.,N/A This was retired.,Creating visual representations of data sets for reports and presentations using AI.,N/A,Retired,Mission-Enabling (internal agency support),retired_2024
35124,STATE,R/GPA/RA,AI Tools to Enhance PD Workflows,Plan to leverage ChatGPT Licenses to streamline existing Public Diplomacy workflows with AI tools following Department policy.,N/A,Improving the quality of written communications using AI tools.,N/A,Planned,Mission-Enabling (internal agency support),continued
35125,STATE,WHA/EX,LEO - Budget Office Inquiries,Answer questions frequently asked about budget.,Answers to common questions.,N/A,Developed with both contracting and in-house resources.,Acquisition and/or Development,Mission-Enabling (internal agency support),retired_2024
